motion_param,pct_power_gastric_mean,pct_power_gastric_std,r_zero_order_mean,r_zero_order_std,r_partial_mean,r_partial_std,pct_attenuation_mean,pct_attenuation_std,n_subjects
trans_x,84.34093766187792,9.86303347727062,-0.015737486938576323,0.1631664516299147,-0.014410991113887042,0.1589594577029513,-49.683677799469315,151.19007610502504,84
trans_y,84.74683287369174,9.031371558618039,0.0035661369639600144,0.1909108446414757,0.009316380809606289,0.1772572515577446,-80.62714563490199,310.894148286636,84
trans_z,83.03632731590616,10.903794543659243,0.006591338953700835,0.15157613246001292,0.00875197278959943,0.1491623336335185,-231.81877094432397,815.8385175118025,84
rot_x,84.16373440467392,10.411193736915122,-0.013745169112094672,0.1645322907775845,-0.00033143553555880064,0.15463401873590016,-50.90197198472412,220.75981272934564,84
rot_y,83.24756914487118,10.343955085866348,-0.014455374159125012,0.18002185869891096,-0.022863030027123626,0.16443396780840328,-132.8454192520011,473.1506276680797,84
rot_z,85.77901809960001,9.491502700268763,0.02382169642870043,0.18083048828154788,0.01547265528810106,0.16149577135701296,-100.97346396931835,474.8445030441848,84
