subject,run,axis,gastric_peak_Hz,n_timepoints,ss_total_raw,ss_total_rsfMRI,ss_total_gastric_band,ss_explained_by_gastric,pvaf_total_pct,pvaf_rsfMRI_pct,pvaf_gastric_band_pct,motion_power_in_rsfMRI_band_frac,motion_power_in_gastric_band_frac,pvaf_total_null_median_pct,pvaf_total_null_mean_pct,pvaf_total_null_p95_pct,pvaf_total_excess_pct,n_null
LA,1,trans_x,0.05074074074074074,450,0.1481937875777778,0.033478149800519906,0.0032394898851945443,0.0006208285127936031,0.418930187925569,1.8544289827628462,19.16439114784641,0.5198519822942749,0.06054886952174242,1.881059145593033,2.9584564619059637,10.042191848698986,-1.4621289576674639,70
LA,1,trans_y,0.05074074074074074,450,0.8470749593111112,0.5482687026486576,0.10679314410478004,0.003107266020403787,0.3668230286173009,0.5667414545810744,2.9096118917101035,0.6647051761224348,0.17387193169371928,0.7057488520702031,0.9153759077630383,2.090278982956228,-0.33892582345290223,70
LA,1,trans_z,0.05074074074074074,450,0.3359709753111111,0.04783994358050403,0.009885325133998915,0.005437284644980944,1.6183792781343649,11.365574952719578,55.00359948991781,0.4329218505869153,0.1084432454715853,2.023382278103128,3.6931940388179707,11.560288050828534,-0.40500299996876316,70
LA,1,rot_x,0.05074074074074074,450,0.4042406223111112,0.23361437770855747,0.06333607079586864,0.007805472043277084,1.9308974933424297,3.341177935980763,12.323896865080282,0.5744048188413764,0.2043270763130254,1.0016813014515642,1.392222429953333,3.423018297992211,0.9292161918908655,70
LA,1,rot_y,0.05074074074074074,450,0.17539642500000002,0.0227181960454885,0.0030041489279629043,4.18827673218658e-05,0.023878917327913494,0.18435780392952061,1.394164148521966,0.283441263772791,0.03190983536870108,1.7869304500816572,3.9572431365769134,11.558836853080894,-1.7630515327537437,70
LA,1,rot_z,0.05074074074074074,450,0.3611391094444445,0.2146360151216539,0.061859452236105505,0.006797941772754279,1.8823610057664037,3.167195295207686,10.989333928803404,0.562637705042146,0.2108698967093442,1.100744551216135,1.4979139128019303,3.8794369685532604,0.7816164545502688,70
LA,1,FD_Power2012,0.05074074074074074,450,1.1270545281310884,,,0.002150283239955586,0.19078786219165833,,,,,1.113537436927881,1.354919764646896,3.74667431917737,-0.9227495747362227,70
LA,2,trans_x,0.05592592592592592,450,0.2612526322,0.08839571346088267,0.01572310505684003,0.03202179973265362,12.257024728516255,36.225511938227726,203.66078848225442,0.5046469927709585,0.10702342899609703,1.5553399651394442,2.3093943168885027,6.184378448079045,10.70168476337681,70
LA,2,trans_y,0.05592592592592592,450,1.4689323449111111,0.9388048316217597,0.1710798866996623,0.01532780086788943,1.0434654067622804,1.6326930104749326,8.9594406236649,0.5528730931626535,0.1336672352954544,1.0085484793273987,1.3948166185284605,3.8995756080780515,0.034916927434881784,70
LA,2,trans_z,0.05592592592592592,450,0.37753307957777776,0.08150733248768827,0.010761383962419682,0.009962884433086017,2.638943438871164,12.2232983573483,92.57995503067133,0.3981896454420865,0.06931626102375489,1.0705360269600277,2.537517341822105,8.207286152002851,1.5684074119111362,70
LA,2,rot_x,0.05592592592592592,450,0.6702158722,0.3967615949940235,0.08304984140216173,0.0027688456116514715,0.4131274305042445,0.6978612967046821,3.3339565312877286,0.5504560260707843,0.16809384835846805,1.110454834484988,1.37127734739324,3.4620345711604097,-0.6973274039807434,70
LA,2,rot_y,0.05592592592592592,450,0.14156704624444444,0.06142870631021653,0.00752599754530613,0.0027877453170515043,1.9692049746082094,4.53818008631554,37.0415390155181,0.46495773338729113,0.0742502435851492,1.042289372639401,1.8677689941076787,5.500792096276071,0.9269156019688087,70
LA,2,rot_z,0.05592592592592592,450,0.4594218553111111,0.20609831952663366,0.042334085489326795,0.001797910595707608,0.391341982302975,0.8723557765230918,4.246957445581042,0.4958206415178131,0.14266632798866183,1.2173295453981043,1.5781109606418702,3.948554110873027,-0.8259875630951294,70
LA,2,FD_Power2012,0.05592592592592592,450,1.4695100071321905,,,0.012009821947009947,0.8172671086771033,,,,,0.7794632698613134,1.1865849012942449,3.325949177445373,0.0378038388157898,70
BS,1,trans_x,0.05259259259259259,450,0.2040930777777778,0.08253391638893393,0.010847570965046321,0.00280939646864814,1.3765270724698897,3.4039296710568085,25.89885309532191,0.5858692445658134,0.11830327692397957,1.5858581751851009,2.8677573268922893,11.713894739557308,-0.2093311027152111,70
BS,1,trans_y,0.05259259259259259,450,2.23849346,0.20948345785804082,0.046487480035417465,0.3233349952332778,14.44431270454897,154.34870062742135,695.5313451857106,0.4459790956123712,0.128792944667911,2.168324688488406,3.7521292124317043,12.76281647636503,12.275988016060564,70
BS,1,trans_z,0.05259259259259259,450,0.8541680732444444,0.16927917658469657,0.02813766730492482,0.06580071977049984,7.7034862144360545,38.8711246699486,233.85278906536436,0.5117577801752586,0.13255301660000987,1.8136690447792665,3.5829678261825544,10.247367991458656,5.889817169656789,70
BS,1,rot_x,0.05259259259259259,450,1.0266288006444442,0.2059915085624495,0.05159833832683531,0.07087408674454232,6.903574758476738,34.40631472585956,137.35730460079964,0.2943784516285023,0.104472287093017,1.3662907529551154,2.153339164162972,6.080291330696808,5.537284005521623,70
BS,1,rot_y,0.05259259259259259,450,0.7636348273111111,0.06793741905174239,0.014617421013824522,0.1877332133530708,24.584160732180273,276.33256601945646,1284.311460794082,0.5347287020076221,0.15262929627337496,2.402048663398508,4.766825237453133,15.89700076404359,22.182112068781763,70
BS,1,rot_z,0.05259259259259259,450,3.104672430244445,0.24829530730198024,0.05690458701083547,0.43638270732644857,14.055676311464852,175.75149207138006,766.8673656191457,0.48091143908025535,0.13842746576162993,2.200982129824727,4.063623283671687,11.706507920811992,11.854694181640124,70
BS,1,FD_Power2012,0.05259259259259259,450,1.4894140049100346,,,0.06065822684478572,4.072623638882036,,,,,1.0000706545731846,1.345080983290036,3.3932509929621246,3.0725529843088517,70
BS,2,trans_x,0.05333333333333333,450,0.4774749152,0.11463955140285347,0.017864257958995548,0.0014479190674234754,0.30324505462595563,1.263018783399946,8.105117328393568,0.5710973969592046,0.11186269350826773,2.48641877076584,4.181389151871259,14.105102967853512,-2.1831737161398843,70
BS,2,trans_y,0.05333333333333333,450,178.5354488152,1.035683283556715,0.06603993610893573,1.914836528337247,1.0725245552323184,184.8863024766962,2899.51299343876,0.15173627737228054,0.03224175089341678,2.835389466597947,4.846996266916609,13.788237137213377,-1.762864911365629,70
BS,2,trans_z,0.05333333333333333,450,7.960153717244445,0.21391399709328546,0.032991028924667286,0.02943986300193302,0.3698403830840113,13.762476229685255,89.23596493203317,0.37346163544738364,0.09093173503686486,2.7317517132976428,4.671147709713815,14.72975455298561,-2.3619113302136316,70
BS,2,rot_x,0.05333333333333333,450,98.2173293738,2.362932283566385,0.6318808491246194,0.2328685496745777,0.23709517572842562,9.855066575293817,36.85323744139165,0.2780472280849432,0.06271033597895127,3.0996680330109423,5.132794632086684,15.619705339305925,-2.862572857282517,70
BS,2,rot_y,0.05333333333333333,450,0.5024222622444444,0.14690410993936293,0.02681555504176766,0.0073201967472644736,1.4569809694664693,4.982976140208742,27.29832269316299,0.4049489707523727,0.09890708424926381,2.313537530588318,5.48055265983529,24.292639924683485,-0.8565565611218486,70
BS,2,rot_z,0.05333333333333333,450,20.658670356111113,0.39627395981874064,0.053780955184528176,0.17658868265548122,0.854792102354467,44.562272710590044,328.34798498759767,0.2462008457016501,0.08418945057552338,2.829517017601688,5.121855615930781,15.033644499723579,-1.974724915247221,70
BS,2,FD_Power2012,0.05333333333333333,450,4.064338490157865,,,0.12431645637475786,3.0587131626905717,,,,,1.5908129029373477,2.8318183851204144,11.57985298069458,1.4679002597532242,70
OE,1,trans_x,0.05388888888888889,300,0.16811431320000003,0.08763109748147012,0.013293189230284146,0.009276983870256661,5.518259387718011,10.586406123942826,69.78749575852056,0.6354559024022246,0.1417695112808408,2.4893312016780627,3.7120528329659632,11.219824154010798,3.0289281860399484,81
OE,1,trans_y,0.05388888888888889,300,1.4655425468,0.7899220456564015,0.19887927074604722,0.06515659205901225,4.445902454437855,8.248483811446114,32.76188202752009,0.5386364043981794,0.16318141955139048,1.9721278379389855,2.626037449362459,6.7626655115864684,2.4737746164988694,81
OE,1,trans_z,0.05388888888888889,300,0.2875080598666666,0.08995606200553849,0.019953809783130157,0.0018534457262714965,0.644658701787714,2.0603900225838943,9.288680940711796,0.45396815102664956,0.20129031579070814,2.377354784544856,3.328486596834171,9.880911967221493,-1.732696082757142,81
OE,1,rot_x,0.05388888888888889,300,0.6649452913,0.30541352451933335,0.0725969514726501,0.00327431985009885,0.4924194355444487,1.0720939274880013,4.510271827781095,0.38982488133779686,0.15724590232398458,0.9876299234839505,1.18067716782708,2.9734733444559285,-0.49521048793950184,81
OE,1,rot_y,0.05388888888888889,300,0.1631636939666667,0.040778120173099085,0.007279699001817219,0.0011631402312632932,0.7128670618973088,2.852363537911699,15.977861598026793,0.5179711987189264,0.1414645276109695,2.559772526488167,4.291901051391858,12.160714585522134,-1.8469054645908582,81
OE,1,rot_z,0.05388888888888889,300,0.5773467083666667,0.30213185494899913,0.0811641622516831,0.005445265753361128,0.9431535114776991,1.802281243823266,6.708953314242098,0.45435734468823363,0.1673953040622818,0.9267081512590748,1.1686152295097012,2.4623065735793257,0.016445360218624375,81
OE,1,FD_Power2012,0.05388888888888889,300,1.8445674478064866,,,0.1302551385568167,7.061554659425051,,,,,1.9528041052633036,2.510367829773087,7.591995683044257,5.108750554161748,81
OE,2,trans_x,0.051666666666666666,300,0.10137452786666666,0.037943125546407386,0.00635476884824928,0.0017500476189865333,1.726318884846785,4.612291670189609,27.53912314951733,0.49690246660216786,0.1193625154993163,1.918642728836795,2.6382163290381726,9.103502506230276,-0.19232384399000996,81
OE,2,trans_y,0.051666666666666666,300,0.6329749598666666,0.40640782895378436,0.07427146385221656,0.010672526657804826,1.6860898668176298,2.626063254066515,14.369619372307977,0.6147730080138315,0.16087890220692988,1.4975810057893142,2.27452059462131,6.052883874942459,0.18850886102831574,81
OE,2,trans_z,0.051666666666666666,300,0.17424790546666669,0.07258113619053085,0.009350205573085057,0.01232589692986008,7.073770497756716,16.982231991386428,131.8248762929948,0.5824433800705767,0.0928507008775969,1.7449144367701235,3.1293740147180267,11.126548446586948,5.328856060986594,81
OE,2,rot_x,0.051666666666666666,300,0.38910892786666673,0.1781462352435263,0.033639765593652456,0.001985807644223847,0.5103474893550399,1.114706489030904,5.90315541496684,0.4153413618559852,0.10349697526677756,0.7248841079830162,0.9824225337829484,2.7202203070239332,-0.21453661862797627,81
OE,2,rot_y,0.051666666666666666,300,0.10163368880000001,0.032318212112279004,0.004343806852909303,0.006906295983971467,6.795282219424339,21.36967218352863,158.99178342485266,0.4783046039237448,0.10845578604407141,1.9477982578646025,3.3554939003242445,9.836180349130622,4.847483961559737,81
OE,2,rot_z,0.051666666666666666,300,0.3377106398666667,0.17057523920635476,0.03472384921912461,0.0051779884098722695,1.5332618516007128,3.035603780457348,14.91190788554751,0.52890246557494,0.1307724444724123,1.0296093686246848,1.2639528929823567,2.910823969844729,0.503652482976028,81
OE,2,FD_Power2012,0.051666666666666666,300,1.0414451872838133,,,0.03563407353497361,3.4215985603534844,,,,,1.5065148064832858,1.725562454979814,4.4529883441776805,1.9150837538701986,81
OE,3,trans_x,0.050555555555555555,300,0.10010801236666668,0.045146127282029117,0.011267854435210315,0.0038373532659961573,3.8332129219997326,8.499850368170241,34.05575824626397,0.5452520179945072,0.1566661103256203,3.8025655774433487,5.0378485880462875,15.466233793126834,0.030647344556383738,81
OE,3,trans_y,0.050555555555555555,300,0.6699182834666666,0.4186018402923973,0.14651988378750047,0.0398506431609309,5.9485827069405195,9.519939791257213,27.19811272763959,0.5966814874627816,0.2404944029874994,2.067183365889057,2.574970069907562,6.355622082855247,3.8813993410514627,81
OE,3,trans_z,0.050555555555555555,300,0.15984741346666664,0.05021783517892519,0.011130855001205657,0.0034064161576165264,2.1310424008373925,6.7832795768267005,30.60336476620668,0.5587613574943204,0.10252608665823386,2.8349527696691896,4.900802771590465,17.653276620221337,-0.7039103688317974,81
OE,3,rot_x,0.050555555555555555,300,0.39858811129999994,0.17046083237302156,0.05186741840571303,0.0056891406369116715,1.4273232130171847,3.3375060755669983,10.96862117256453,0.3489865961648346,0.14802987311110039,1.2855728949272645,1.4571151947180594,3.4390315798199076,0.14175031808992022,81
OE,3,rot_y,0.050555555555555555,300,0.08985475786666666,0.026614934424091265,0.006059813967937457,0.0043042705532059106,4.790253354856195,16.172388346408166,71.02974738135286,0.42979029865816215,0.09035646727827416,2.7583435074202334,4.452770573857927,14.567763007304649,2.031909847435962,81
OE,3,rot_z,0.050555555555555555,300,0.40262992666666664,0.1837253076612777,0.041905953033813864,0.0012655928483944479,0.3143315398515371,0.688850580524126,3.020078907102393,0.4395642407846479,0.13501393949264368,0.84554835117609,1.0832592978069824,2.631648757555174,-0.5312168113245528,81
OE,3,FD_Power2012,0.050555555555555555,300,1.1461602085019749,,,0.038311703809124964,3.342613320977017,,,,,1.98008156456137,2.44581705682509,4.965321809992331,1.362531756415647,81
AE,1,trans_x,0.04833333333333333,300,0.1415922217,0.07623208050914138,0.017219598079661128,0.00404936901484787,2.8598809780861503,5.311896235551763,23.516048377637624,0.6482129010500336,0.1636540422549925,1.9035262974504457,3.0865949009476146,7.4440118167650144,0.9563546806357046,81
AE,1,trans_y,0.04833333333333333,300,0.4174780299666665,0.22362337987218084,0.07953821857299759,0.002031112740485397,0.4865196716214194,0.9082738762138131,2.5536311686705777,0.5149092729973966,0.20192749976756888,2.6641810218407795,3.022455036900406,7.074332062260967,-2.1776613502193602,81
AE,1,trans_z,0.04833333333333333,300,0.12147186880000001,0.04130366918324635,0.008282690495044705,0.021821381549546243,17.964144097819496,52.83158126396543,263.4576477607288,0.44273468431841606,0.10213183423049885,1.5877818907108339,2.8497776392836243,9.598131311748064,16.37636220710866,81
AE,1,rot_x,0.04833333333333333,300,0.39115047236666656,0.2610733312674665,0.10163885249326451,0.008411825524181571,2.1505344153838273,3.2220163903159285,8.276190962249414,0.6242007786661808,0.2808700372971627,1.7644048606891234,2.1352207687496327,5.434720767676833,0.38612955469470367,81
AE,1,rot_y,0.04833333333333333,300,0.14072718346666674,0.06991651305310582,0.0188472004002233,0.004662109615562238,3.3128706911600525,6.668109452227807,24.736350845545214,0.6940235288999874,0.19580712273720136,2.0351149111707554,3.462521709408549,10.989007188957,1.2777557799892973,81
AE,1,rot_z,0.04833333333333333,300,0.28408306569999997,0.15650384644166584,0.0513252300271426,0.001178007659163205,0.41467014454399603,0.7527020491488605,2.2951824249793575,0.5173111420723235,0.23207510557239824,1.1950039185852734,1.4974229350877832,3.490981524983222,-0.7803337740412775,81
AE,1,FD_Power2012,0.04833333333333333,300,0.6493689681185816,,,0.023052813900168667,3.5500331909853418,,,,,1.3674241396594062,1.6839882667824306,3.8758574921936964,2.1826090513259357,81
AE,2,trans_x,0.04666666666666667,300,0.1887804091666667,0.09382852260073758,0.01797885915267112,0.008993680207512678,4.764096151297414,9.585230544216177,50.02364238543182,0.6433400920587424,0.10815118975536726,1.5230116676128176,2.9103550243946708,9.958975247549061,3.2410844836845962,81
AE,2,trans_y,0.04666666666666667,300,0.8058876166666665,0.5093136585150577,0.1434284316076579,0.007394702055156022,0.9175847726438807,1.4518954933813932,5.155673789548157,0.6422761573555206,0.17227471324523816,1.5866131585327192,2.0856529916833217,5.431202777503902,-0.6690283858888384,81
AE,2,trans_z,0.04666666666666667,300,0.36638522186666667,0.13023667399802213,0.011851197113964354,0.022317615174237138,6.091297858721733,17.136198652137008,188.31528122960782,0.5556484343758,0.051164588482299905,1.7226896875056685,3.6742313178323562,10.587043797777037,4.3686081712160645,81
AE,2,rot_x,0.04666666666666667,300,0.35534148586666664,0.1831223582615849,0.05107390350000729,0.001670757655635735,0.4701836746027022,0.9123722911263008,3.2712550659761037,0.5642500661360099,0.1424275188348218,1.698090879485811,2.1354230851426705,5.927303557325684,-1.2279072048831088,81
AE,2,rot_y,0.04666666666666667,300,0.16251984249999998,0.08377017520075758,0.01920236730991882,0.007339457846293779,4.516038000894432,8.761421148642178,38.221630322125144,0.6292442837063239,0.1095749986427714,2.276311029676884,3.2293314593300675,10.732847338495741,2.239726971217548,81
AE,2,rot_z,0.04666666666666667,300,0.34232315999999996,0.1934830108760861,0.04247745478216422,0.010801867595573333,3.155459185283676,5.582850683717787,25.429648859537856,0.5707174683206038,0.10867953697942427,1.9893339177722429,2.5833768930718053,6.669615223845618,1.1661252675114329,81
AE,2,FD_Power2012,0.04666666666666667,300,1.1619750186895326,,,0.027640124136777855,2.378719309125096,,,,,1.507752766723796,1.8054850260631257,4.653247712085722,0.8709665424013,81
AE,3,trans_x,0.04666666666666667,300,0.23207464196666666,0.09799060869391893,0.032808272082704204,0.013102367452932945,5.6457557542262045,13.371044049597833,39.936170426482846,0.6305631065578956,0.20010463642790471,3.684979834502066,5.543755202923517,16.558296448547186,1.9607759197241386,81
AE,3,trans_y,0.04666666666666667,300,0.8616660376999999,0.6127115244760567,0.2535378636201946,0.04122000844790896,4.78375689007488,6.7274739908241665,16.257930022498517,0.6554134105162851,0.2546628429402195,1.78448793046112,2.435365884893719,6.17406356327941,2.99926895961376,81
AE,3,trans_z,0.04666666666666667,300,0.5328700923666667,0.21644136755092158,0.04997558661738323,0.009472289862537897,1.7775983299171603,4.376376831157,18.953834269237188,0.548736044420885,0.11004448655800417,2.2593626970093745,3.6404121079955236,11.526658811809074,-0.48176436709221404,81
AE,3,rot_x,0.04666666666666667,300,0.7667349814666669,0.4796980940044583,0.10201012269795354,0.01287466241159907,1.6791541696677867,2.6839094364797313,12.620965519000746,0.5165194829706842,0.09895161305560078,0.9954635698407927,1.295887338994486,2.944068087120273,0.6836905998269941,81
AE,3,rot_y,0.04666666666666667,300,0.25576530146666665,0.1343577448044778,0.04873013759151111,0.005650025299111849,2.209066384967863,4.2052099842357205,11.594519487045519,0.6084186350464916,0.19508563012030763,2.931811121039016,3.953699868184932,9.875626943001004,-0.7227447360711527,81
AE,3,rot_z,0.04666666666666667,300,0.4697903963666667,0.28378843845270607,0.1252681792435473,0.006902068524781535,1.469180421345723,2.4321175881630497,5.509833835265126,0.6096533825407172,0.2275187786653063,2.1068327030951406,2.6079612431569528,6.884696798030975,-0.6376522817494177,81
AE,3,FD_Power2012,0.04666666666666667,300,1.778128182128787,,,0.18857974845302938,10.605520476440592,,,,,2.4242772194911533,3.4931705596479823,10.287130854643069,8.18124325694944,81
SE,1,trans_x,0.04833333333333333,300,0.1854010032,0.11648161484897859,0.025913325583680764,0.0008706912072500295,0.46962594172739053,0.747492390433377,3.3600133816801883,0.6703464891526658,0.2125834992809231,1.8874579184323697,2.9349846040715137,9.46535479281383,-1.4178319767049794,81
SE,1,trans_y,0.04833333333333333,300,0.37320272879999994,0.22084110646680072,0.08943649284735578,0.009301802356267874,2.4924261369087493,4.211988657857148,10.400455183482618,0.6457562767517409,0.3175834824569431,2.6663556881540824,2.82766969554538,6.117070298810118,-0.17392955124533316,81
SE,1,trans_z,0.04833333333333333,300,0.2583201577,0.05783398180222932,0.009450143646575922,0.008615470998359687,3.3351911345475638,14.896900973931537,91.16761946239131,0.4527497608360173,0.08589574558367315,3.2907366134907474,5.587310797192446,19.73213155464943,0.044454521056816465,81
SE,1,rot_x,0.04833333333333333,300,0.4953187174666668,0.23403404365443825,0.06840806548903525,0.005278533610420966,1.0656842603118855,2.2554554576747634,7.716244528603185,0.4248822204441975,0.15274859324071982,0.9468720725356523,1.2381233406551164,3.34612852851923,0.11881218777623319,81
SE,1,rot_y,0.04833333333333333,300,0.15892356586666667,0.06250561222787694,0.015469752803664371,0.005478398953139202,3.4471910589619266,8.764651297497227,35.41361664060666,0.5374276441585878,0.11779860377949977,2.4677300648726317,4.0147631488692745,12.028140380300698,0.9794609940892947,81
SE,1,rot_z,0.04833333333333333,300,0.40771884836666666,0.22325678670949745,0.0729647795780409,0.008608963751641385,2.111495160483539,3.8560815456165285,11.798793611695215,0.4887255225876477,0.19128022381150872,1.3671431824232976,1.8748596239733344,4.582091464636237,0.7443519780602416,81
SE,1,FD_Power2012,0.04833333333333333,300,1.3410752504274017,,,0.00982358734089317,0.73251574345007,,,,,1.7082839833819858,2.0243742183562405,4.557109102160912,-0.975768239931916,81
SE,2,trans_x,0.0443,300,0.29139190319999997,0.17138610535120816,0.047877202106062694,0.00026859152693403665,0.09217535696236762,0.156717212508933,0.5610008837588797,0.5754044664200313,0.2128312845424294,1.7736401040713194,2.368925788203175,5.631617051906165,-1.681464747108952,81
SE,2,trans_y,0.0443,300,1.7390953003666665,1.1162177955861565,0.33588430149870296,0.023918797122184365,1.3753586199181485,2.142843199308066,7.121141719175204,0.6235395971661347,0.21038596102819143,2.614063434721713,2.8932075810387197,6.708618447987626,-1.2387048148035644,81
SE,2,trans_z,0.0443,300,0.2661153625,0.11948869032617186,0.02275232171038331,0.0019136896947061777,0.7191203381601758,1.6015655452263486,8.410964468003462,0.5669675190059399,0.12819830830109508,3.43675162602232,5.001640937442375,14.835817254789308,-2.7176312878621443,81
SE,2,rot_x,0.0443,300,1.0595791697,0.4861873711750109,0.17401571331607324,0.02219235033216238,2.094449472656746,4.564567417398814,12.753072644568212,0.4592067138253368,0.2123425341700388,1.0101612147209493,1.2159279910149674,2.6441775049399525,1.0842882579357966,81
SE,2,rot_y,0.0443,300,0.12028100346666667,0.05733923190453839,0.01925051389437573,0.005022672364342451,4.175781893717222,8.75957385111904,26.091107966784644,0.5875949635098816,0.19190512715929345,2.0189096374283464,3.0700354799257092,9.911625859741271,2.1568722562888754,81
SE,2,rot_z,0.0443,300,0.8432967177,0.3379922728779713,0.11402984947914521,0.018233589372681935,2.1621795733312075,5.394676398198308,15.990189810797439,0.3305221894774694,0.15276870417185487,0.5824751172661115,0.7742259886024059,1.9773327987641427,1.579704456065096,81
SE,2,FD_Power2012,0.0443,300,4.985633489372896,,,0.046122835593820355,0.9251148463306272,,,,,1.6504489868726182,2.072853123478567,5.067358972063675,-0.725334140541991,81
SE,3,trans_x,0.0443,300,0.12732557519999999,0.0649749437911735,0.017838213338019816,0.0025030678282917523,1.9658798512082063,3.8523585896995893,14.032054560962063,0.578190503783102,0.20813948124814324,2.0956246005051424,3.191080280772706,8.965869641377672,-0.12974474929693636,81
SE,3,trans_y,0.0443,300,0.6864648691666664,0.448553452677202,0.14228799847935386,0.06697311157280561,9.756232923340647,14.930909833170384,47.068700303998924,0.571749249055908,0.28380284573233167,2.2745074291021616,2.9260090001936514,7.271910617139622,7.4817254942384865,81
SE,3,trans_z,0.0443,300,0.27195252000000003,0.1089563657387535,0.021122763374869465,0.03764504763994431,13.842507375899405,34.5505720429465,178.2202781513522,0.5004006899068042,0.13857582105976216,2.466823361781473,4.209607931182425,12.906032225477507,11.375684014117931,81
SE,3,rot_x,0.0443,300,1.2286280634666666,0.6336482297513651,0.18323073029703596,0.014339967152962263,1.1671528251195047,2.263080125480516,7.826180209900214,0.5441014116477944,0.22280809242009908,0.9063576004538488,1.2804927201818905,3.394222290532785,0.26079522466565597,81
SE,3,rot_y,0.0443,300,0.14979837236666663,0.09143788586313467,0.03393388971197863,0.028793943506325442,19.221799977803176,31.4901675979523,84.85305914152602,0.6668960725041071,0.25678059521776153,2.3775561347410115,3.2935066709271923,10.348962077648766,16.844243843062163,81
SE,3,rot_z,0.0443,300,0.6261999114666668,0.30331126593744573,0.07074529050518433,0.004575616273395422,0.730695771367733,1.5085546721298138,6.46773267976066,0.4439510827795574,0.15458805233863657,0.9098460665787083,1.1886106149366966,2.9984241293985825,-0.17915029521097525,81
SE,3,FD_Power2012,0.0443,300,3.002274807846388,,,0.306360884419548,10.204291879573438,,,,,2.6791100508635615,2.92877362759674,7.003614821016073,7.525181828709876,81
SP,1,trans_x,0.04388888888888889,300,0.08172407146666666,0.04702367788065714,0.007214312094290171,0.002196410119418471,2.6875926272399866,4.670859912303774,30.44517745713883,0.5895215411985549,0.127974015031255,1.9218425984294887,2.952682801335981,9.210155468385475,0.7657500288104981,81
SP,1,trans_y,0.04388888888888889,300,0.26309680999999996,0.08528822103392966,0.03265695889088506,0.0038926321130868247,1.479543637601241,4.564091108827611,11.9197630314968,0.5164737106872139,0.22157232437069088,3.2134430814669575,5.071395089535711,16.138578157829013,-1.7338994438657163,81
SP,1,trans_z,0.04388888888888889,300,0.09830110186666667,0.06501903691606914,0.01173270228154923,0.001724747204860974,1.7545553123101114,2.6526803328191275,14.700340667241681,0.5261168613842134,0.15530372046295518,1.9187449101155365,3.012083590195001,9.943003827717758,-0.16418959780542497,81
SP,1,rot_x,0.04388888888888889,300,0.15226646330000002,0.08577532340719426,0.027306929136177494,0.0015933753791093908,1.046438818224913,1.8576151226446427,5.8350588276087505,0.4576861621312048,0.15389618629481971,1.5701835448293673,2.1243561366787405,5.040437869461903,-0.5237447266044545,81
SP,1,rot_y,0.04388888888888889,300,0.10961457746666667,0.07180360710475404,0.012061585941899957,0.004292458345379724,3.9159557465657726,5.97805391464174,35.58784363893999,0.7231077032149322,0.18520171498868288,1.8280714855925724,2.6199076404487145,8.509174922199108,2.0878842609732002,81
SP,1,rot_z,0.04388888888888889,300,0.2084448691666667,0.11188283150018644,0.028038224053050953,0.006348092620292678,3.0454540069378826,5.673875549245552,22.640851318833498,0.523689678413166,0.18552451773518278,1.579247659438077,1.9694526510605377,4.945077056482191,1.4662063474998055,81
SP,1,FD_Power2012,0.04388888888888889,300,0.4286409850343985,,,0.011187161629492293,2.6099141286255025,,,,,1.2217093081808055,1.64509602056381,4.272433704569782,1.388204820444697,81
SP,2,trans_x,0.047142857,300,0.17002781236666667,0.040516672890759484,0.006898008646683261,0.024498573521535533,14.40856832804748,60.465412813110945,355.1542883802425,0.41998407433091894,0.066640934738676,3.194668000909066,6.038591174606928,20.376421771637357,11.213900327138413,81
SP,2,trans_y,0.047142857,300,1.6466852091666664,0.3457474186021374,0.11292920334321165,0.0401508470410441,2.4382830924535437,11.612768420187965,35.55399830371479,0.415924200589389,0.08495103126969311,5.081107700269752,10.460438962877245,34.50686224317396,-2.642824607816208,81
SP,2,trans_z,0.047142857,300,0.10669185186666667,0.03220134907360332,0.004557445173613665,0.0007980562837453381,0.7480011545236585,2.47833182989074,17.511045187462948,0.45882066610445565,0.06770151650180743,2.659575547177003,5.082896151782621,19.045636501268458,-1.9115743926533448,81
SP,2,rot_x,0.047142857,300,1.7222887674666667,0.6283143336480648,0.2573896999649071,0.09313175756137859,5.40744149997373,14.822478586577038,36.18317188841523,0.48528452412484196,0.09331734934016245,4.1936051048508585,7.8260930879835255,24.346115034352984,1.213836395122872,81
SP,2,rot_y,0.047142857,300,0.10697284146666666,0.023388259041326277,0.003936999814929834,0.0017998249833658386,1.6825064742499845,7.695420938281929,45.71564815778168,0.43044280016838954,0.0652650894992076,4.895664801016976,8.107325602861609,24.050560529892557,-3.213158326766992,81
SP,2,rot_z,0.047142857,300,0.6092694419666667,0.209791907361781,0.08106845553130669,0.011878341638190681,1.9496040372299763,5.661963698965171,14.652236261739995,0.5113087649274356,0.1910629786153002,3.6581005644927784,6.571604735774302,19.95618074670214,-1.708496527262802,81
SP,2,FD_Power2012,0.047142857,300,0.956913231114941,,,0.0008875944750983411,0.09275600401764394,,,,,2.8948526040663443,4.255281218503171,11.464954887040587,-2.8020966000487,81
SP,3,trans_x,0.04722222222222222,300,0.12386571520000002,0.0613014301555072,0.011596283946513844,0.012143761357134825,9.803973066741573,19.809915243949412,104.72114526641587,0.6214854286419225,0.1024727699306422,2.0169748480140477,2.9664536941772055,8.768024647398844,7.7869982187275255,81
SP,3,trans_y,0.04722222222222222,300,0.5990512558666667,0.45503820311009624,0.12087808768241316,0.033187940171778285,5.540083564930387,7.2934404067494265,27.45571245218076,0.7065992111324865,0.18398190133986456,2.3478594933033703,2.553295808712434,4.993719833037429,3.1922240716270167,81
SP,3,trans_z,0.04722222222222222,300,0.11730756346666667,0.07292886040485437,0.022076243860526965,0.015310934727653283,13.051958693186853,20.994342490279937,69.35479977655858,0.6736598291319749,0.1973776717191535,1.931582071386035,2.6136805688127134,6.67446295909685,11.120376621800817,81
SP,3,rot_x,0.04722222222222222,300,0.40198262036666665,0.2607807286545468,0.07565149159477283,0.01733840147756488,4.3132216665859175,6.648651365850296,22.918783373681535,0.634395583098364,0.16471099817861812,1.4130501951558734,1.7162390748887246,4.072114344749064,2.900171471430044,81
SP,3,rot_y,0.04722222222222222,300,0.13913078480000002,0.050701533437243394,0.008792178796609443,0.0019062604303153874,1.3701212374066816,3.759768790178488,21.68132011885956,0.5900104186745886,0.10848353917000585,3.2115536799274014,4.790215175294973,16.13125096391769,-1.8414324425207198,81
SP,3,rot_z,0.04722222222222222,300,0.34261111666666666,0.2187429359670068,0.06382902646174922,0.010657339646728103,3.110622839800276,4.872084028503466,16.6966977839067,0.6190127610541376,0.17144697196570846,1.4081579241641557,1.5928290103488447,3.8899493284880737,1.7024649156361205,81
SP,3,FD_Power2012,0.04722222222222222,300,0.7658850367859646,,,0.016886901989420666,2.204887310540303,,,,,1.2624351917170251,1.6756749307311556,4.57367736802061,0.942452118823278,81
OfA,1,trans_x,0.04296296296296296,450,0.17333302891111113,0.058690401880785587,0.01598447188107726,0.006115080846540499,3.527937453672746,10.419217879887258,38.25638339531039,0.48328405817332176,0.14479408918271314,2.1200310333790116,3.1895805779849478,9.702757747752676,1.407906420293735,70
OfA,1,trans_y,0.04296296296296296,450,3.103697462577778,0.8030030253251768,0.19997703440771997,0.20583163464898258,6.631820179987162,25.632734642018423,102.9276362951388,0.509159093268607,0.15694274250831208,1.8336435286505293,3.7684246638460617,12.014334592323227,4.798176651336633,70
OfA,1,trans_z,0.04296296296296296,450,0.36168188497777776,0.056984753681992614,0.013479307331107094,0.021183768914591117,5.857016841164904,37.174450262272984,157.1576965657866,0.39493458356355726,0.11427060356550488,2.688220833922956,5.064870923465747,16.09486512153579,3.1687960072419474,70
OfA,1,rot_x,0.04296296296296296,450,3.9903312178000006,1.3355942437343733,0.6023967542303997,0.13098437150736064,3.2825438380420104,9.807197966137025,21.743870727640545,0.4294490586787722,0.1460024257364334,2.6332640712796556,5.100066041088809,19.925596295731037,0.6492797667623549,70
OfA,1,rot_y,0.04296296296296296,450,0.204059505,0.10946247857286442,0.02347763220141722,0.003495822368913132,1.7131387086884935,3.193626176284794,14.890012497521395,0.618699954833036,0.15922384812663318,1.9257339104527156,2.1963951121413317,5.5912825390256184,-0.21259520176422214,70
OfA,1,rot_z,0.04296296296296296,450,1.4699701649999999,0.38931365150307895,0.10520549673444013,0.008122782562583364,0.5525814575007626,2.086436612541732,7.720872782043797,0.4606017610531514,0.14747179366978527,2.2978633334889342,3.356746087080411,9.02972744839958,-1.7452818759881714,70
OfA,1,FD_Power2012,0.04296296296296296,450,3.6138732346616695,,,0.5334987314513344,14.762519236546506,,,,,1.4054945521061921,1.933344980257648,5.525351948658034,13.357024684440313,70
OfA,2,trans_x,0.04259259259259259,450,0.09557804357777779,0.028209916213154763,0.0053639677615714984,0.003472106735270819,3.6327451423980555,12.308107223841086,64.73019394608713,0.40751439978648285,0.07709557308592825,1.2114227459732068,2.583632122503207,9.243732175677218,2.421322396424849,70
OfA,2,trans_y,0.04259259259259259,450,27.1698431048,0.7263615120534013,0.1407459246283375,0.22222403866146578,0.8179069632618019,30.594137350868905,157.89021191788288,0.4138131530501867,0.09676982849147371,2.3779953476499456,4.505487893374979,14.322776291278672,-1.5600883843881435,70
OfA,2,trans_z,0.04259259259259259,450,1.0459883932444445,0.09527925629948976,0.016971807130346992,0.0482128140920699,4.609306795701959,50.60158523962796,284.0759014157155,0.401977284223318,0.11321368727698282,2.6908517050926237,4.6298479001024,15.80590885073612,1.9184550906093345,70
OfA,2,rot_x,0.04259259259259259,450,5.020648651111111,0.09853514666475732,0.025286550305109564,0.08304109942350735,1.6539914499918187,84.27561355953036,328.4002697937311,0.35567418200527146,0.1017749046805002,2.240608985556873,4.24283683274465,12.724293771181221,-0.5866175355650545,70
OfA,2,rot_y,0.04259259259259259,450,0.1566570689111111,0.025326760588049554,0.005578964246014796,0.00026483244824582197,0.16905234477231967,1.0456625407150701,4.74698235313121,0.35481528660938677,0.08448412019308518,1.0812829567658284,2.171305724646443,7.282399272786555,-0.9122306119935089,70
OfA,2,rot_z,0.04259259259259259,450,1.4617564602,0.2580033066443173,0.06496010397590699,0.014716170964854225,1.0067457449677175,5.703869131081293,22.654167810926378,0.5417794674857638,0.15753973629757428,1.9552142510058723,3.4509251626639785,12.156141376446541,-0.9484685060381548,70
OfA,2,FD_Power2012,0.04259259259259259,450,1.2558875474611866,,,0.031046857301555875,2.472104876293901,,,,,1.13220593305122,1.309105655837229,3.0731463220095545,1.3398989432426809,70
SS,1,trans_x,0.04555555555555555,450,0.22533928080000004,0.02203481022676087,0.004264345907466777,0.009986655409375877,4.431830692776346,45.32217571471194,234.18961843337942,0.30591416056171705,0.06633529748153043,3.295178245268307,4.655830445625825,15.324396661364705,1.1366524475080388,70
SS,1,trans_y,0.04555555555555555,450,0.32329066419999997,0.09027587608931212,0.026236563090024388,0.0027092929351028028,0.8380362426508954,3.0011261617914773,10.326401845419015,0.4460860870867161,0.14290761300056012,1.2790005219839171,2.49630680120593,7.870872569379918,-0.44096427933302174,70
SS,1,trans_z,0.04555555555555555,450,0.05743347191111111,0.01445432971213613,0.0041575738437512975,0.00536197871572313,9.33598220219349,37.09600391376925,128.96893518276326,0.3174909991593863,0.09064367183542278,2.036471754907579,3.0112860693727135,8.09361465201677,7.29951044728591,70
SS,1,rot_x,0.04555555555555555,450,0.6405095102444445,0.24844026096991334,0.09593135452982102,0.001535884703350865,0.23979108487627432,0.618210871842895,1.6010247232289658,0.3341618312790701,0.13592510106483194,1.0024594595855745,1.2852906364005168,3.7425796979920185,-0.7626683747093,70
SS,1,rot_y,0.04555555555555555,450,0.11348908064444443,0.033102349768076585,0.007064810812247712,0.0001594705931488305,0.1405162437155023,0.4817500699077912,2.2572521386187545,0.3584707857584869,0.11536615235334463,2.3661873712171895,3.9054547497190373,10.980741286412043,-2.225671127501687,70
SS,1,rot_z,0.04555555555555555,450,0.5147246595777777,0.2448592786839689,0.059443942721294926,0.0038492309499920108,0.7478233028799295,1.5720175974871162,6.4753964386905976,0.49337381646612893,0.15439337468641792,1.1725211398053055,1.6249752551198846,4.830047673109937,-0.424697836925376,70
SS,1,FD_Power2012,0.04555555555555555,450,0.8710893356267257,,,0.0026401499105852544,0.30308600996541146,,,,,1.14770921440486,1.6723595582824127,4.918267734844788,-0.8446232044394486,70
SS,2,trans_x,0.044814814814814814,450,0.11913754944444443,0.008391909848078997,0.0020828561426813534,0.00013734306575430288,0.11528109013048647,1.636612740611629,6.593977516733107,0.23782154758247023,0.08132263263179561,1.910812111175153,4.407046310829017,14.7194428102876,-1.7955310210446667,70
SS,2,trans_y,0.044814814814814814,450,0.14703493824444447,0.04138417098121194,0.009748985910949661,0.001743828614954701,1.185996087579946,4.213757515515738,17.887282132556006,0.34109254676218836,0.09445659091809858,1.6795057816505687,2.4586754460566236,6.235635806209842,-0.49350969407062284,70
SS,2,trans_z,0.044814814814814814,450,0.2115734115777778,0.015549647500498996,0.0022971563134003533,0.000982742224752975,0.4644923090403082,6.320028957064385,42.78081639547968,0.23817328683343947,0.053914561691585226,2.2882219008422333,3.788246439646513,13.26519639855211,-1.8237295918019252,70
SS,2,rot_x,0.044814814814814814,450,0.6474777492444445,0.17648363776433262,0.040807384258413085,0.0029476225647829812,0.4552469282879025,1.670195946844142,7.223257795984026,0.2190741301158775,0.05651806430418767,0.4064679964490807,0.6594424320149278,2.2380395620431717,0.048778931838821746,70
SS,2,rot_y,0.044814814814814814,450,0.21889963424444445,0.017710811162487346,0.002430212853620467,0.0040358220411172985,1.8436860596169433,22.78733596158166,166.06866493627658,0.3196750310284584,0.05565616774835809,2.7382121946667315,5.015390855962596,15.420575268322928,-0.8945261350497884,70
SS,2,rot_z,0.044814814814814814,450,0.2921233715777778,0.16744493233420915,0.04646584743186452,0.0003341581364491031,0.11438938782757871,0.1995630036638823,0.7191478363524908,0.49652136224412197,0.18109523932898236,0.8296017128340178,1.0111265709896888,2.211300801801781,-0.715212325006439,70
SS,2,FD_Power2012,0.044814814814814814,450,0.8314511857967832,,,0.0024672650970459786,0.2967420263742348,,,,,1.002554980116786,1.2574801923556893,3.540628061754264,-0.7058129537425512,70
OzO,1,trans_x,0.05074074074074074,450,0.2611687279111111,0.10375610333365634,0.014538013309443827,0.0005355627637534388,0.20506389414881165,0.5161747083264964,3.6838786177581753,0.6003318225998396,0.10389794564036958,1.4140974607135457,2.3962682046255233,8.341921918274824,-1.209033566564734,70
OzO,1,trans_y,0.05074074074074074,450,0.31651420331111113,0.2138362424622449,0.048856102194462056,0.004288974357332553,1.3550653690939722,2.005728452738697,8.778789474979275,0.6018524068027281,0.1819569568098817,1.1791338473119097,1.3933410928230727,3.436544133638232,0.17593152178206234,70
OzO,1,trans_z,0.05074074074074074,450,0.47952627999999997,0.29069339657402965,0.02336836698833842,0.010034090376689175,2.0925006188793605,3.451777885203469,42.938774376902394,0.7381481666815036,0.0821052201120723,1.0587931107517583,1.674764781597431,5.922974130598067,1.0337075081276021,70
OzO,1,rot_x,0.05074074074074074,450,0.6666286202,0.4405928847460779,0.09591096580836934,0.0011642973481960084,0.1746545697132984,0.2642569565931631,1.2139355895156776,0.6549192710170894,0.1619471248470181,1.0563691589153765,1.2250254782290602,3.049588935100605,-0.8817145892020782,70
OzO,1,rot_y,0.05074074074074074,450,0.2814442473111111,0.12492986844182921,0.011071312470311963,0.0008572557245151158,0.30459166698386886,0.6861895679609057,7.743036128858898,0.6211129624168654,0.07626174734606515,1.003685432225927,2.052309789905732,6.639179474347247,-0.699093765242058,70
OzO,1,rot_z,0.05074074074074074,450,0.4781350511111111,0.26700825809725326,0.05519647022966626,0.00408895421169464,0.8551881319289497,1.5313961601162565,7.407999451198536,0.5231678833704815,0.15466044594105907,0.6958892095413856,0.834244643173677,2.11215024042053,0.15929892238756407,70
OzO,1,FD_Power2012,0.05074074074074074,450,0.9778867681087899,,,0.007529836932504641,0.7700111278800886,,,,,0.84397753345126,1.1315549234961788,3.1257152345033274,-0.07396640557117132,70
OzO,2,trans_x,0.05,450,0.13954002124444442,0.037104769417771244,0.007963016948728661,0.0009251728598762277,0.6630161380408003,2.493406843361539,11.618371100213928,0.5418977429591336,0.1405652187989655,1.4212271687715896,2.683564654233969,8.904596031279132,-0.7582110307307894,70
OzO,2,trans_y,0.05,450,0.26578783664444444,0.13243558411676914,0.022622506794874403,0.004441080226547656,1.6709117627864496,3.353388937094076,19.631247177054114,0.485821549911862,0.11644734070929466,1.1730198204897142,1.560729286739831,3.7794181543089485,0.4978919422967354,70
OzO,2,trans_z,0.05,450,0.2971489339777778,0.05785938393160389,0.013852319841163523,0.0021308932973337913,0.7171128863929054,3.6828827971150537,15.382934568126513,0.4944872948357664,0.150232572278046,1.714922255412326,3.279042302393563,9.943190659395146,-0.9978093690194206,70
OzO,2,rot_x,0.05,450,0.6697572094444444,0.365339764680251,0.08942377554330115,0.00415123132410633,0.6198113682941505,1.1362659434949627,4.642200912324713,0.5625223153015029,0.16195925288459537,1.0421489530448216,1.192530508499246,2.829203576626986,-0.422337584750671,70
OzO,2,rot_y,0.05,450,0.18502391824444447,0.06824166380630114,0.013106626139335274,0.0006083639001805974,0.32880284125042525,0.8914845656568292,4.6416514342679775,0.5048487694264279,0.11576150853303396,1.8141933027334098,2.8672142753999266,8.614969527042955,-1.4853904614829847,70
OzO,2,rot_z,0.05,450,0.45623753120000005,0.23367925115128538,0.06962395244027943,0.010090554452361289,2.211688816091263,4.318121700000058,14.492935403253002,0.5029219471894296,0.18447563775121992,0.8235474854090368,0.9389587942810029,2.259997528465722,1.3881413306822263,70
OzO,2,FD_Power2012,0.05,450,0.975895287339503,,,0.0029719825133990296,0.30453907831661764,,,,,1.2208076901471532,2.153281012205305,7.725388359667984,-0.9162686118305354,70
EdZ,1,trans_x,0.048888888888888885,450,0.21963644,0.08119860751668345,0.020648196161351533,0.0038304523188187056,1.74399672423151,4.717386708918232,18.55102638935789,0.5283237376408081,0.14668446368386157,1.528384235431132,2.8521921082583104,9.17133186218327,0.21561248880037787,71
EdZ,1,trans_y,0.048888888888888885,450,0.6124766694444443,0.19074285108684763,0.04533597397955477,0.05017497226367029,8.192144250846683,26.30503422685288,110.67363918617426,0.5036358828757633,0.1423366664851029,1.5999447321103522,2.6881416235699107,8.76896083593765,6.592199518736332,71
EdZ,1,trans_z,0.048888888888888885,450,0.3249484352,0.07428864568260916,0.013846681720918266,0.012729329544324208,3.9173383113814757,17.1349597604848,91.93054192250216,0.45598528959218265,0.12708087192151035,1.9564671091876225,3.345008035471655,12.894581585633475,1.960871202193853,71
EdZ,1,rot_x,0.048888888888888885,450,0.4219191889777778,0.2798827885312652,0.07721436844534584,0.01339783898421898,3.1754514452587825,4.786946369416471,17.351484256071185,0.6009773388340095,0.21211631448457108,1.1145831738674756,1.4811845319297285,3.6291891634990385,2.060868271391307,71
EdZ,1,rot_y,0.048888888888888885,450,0.25857679024444447,0.08191044116654064,0.017456401390984796,0.008744706574701555,3.3818605940752784,10.675936364354065,50.09455487897798,0.5195702958961494,0.14799446230422067,1.616404794708048,2.8810975960770535,9.934773985435829,1.7654557993672302,71
EdZ,1,rot_z,0.048888888888888885,450,0.4853936689777778,0.25354287673075854,0.056827772062814835,0.008151283559139466,1.679313942496569,3.2149526992215414,14.343837991975839,0.4589441015204482,0.13953498299477654,0.753393659644382,0.8525701100352526,1.9578521330406051,0.9259202828521871,71
EdZ,1,FD_Power2012,0.048888888888888885,450,1.0585031337090045,,,0.005206524828459846,0.4918761846472893,,,,,1.419667747105995,1.690078576009672,4.011591278228152,-0.9277915624587056,71
MaD,1,trans_x,0.045925925925925926,450,0.46941423264444443,0.2872912272152719,0.08100410978153247,0.005404350907328326,1.1512967719114358,1.8811402491168865,6.671699648207756,0.6254507208711076,0.22161157662989142,1.2104758400837714,1.8097791368409448,4.971869389649024,-0.05917906817233566,70
MaD,1,trans_y,0.045925925925925926,450,2.7845749271999995,1.964221124423779,0.640806753685081,0.07634657659602961,2.7417677236934375,3.8868626167752134,11.914134199894761,0.6592750525008473,0.22783716282985575,1.0775754167487803,1.3514029308658206,3.459961858140482,1.664192306944657,70
MaD,1,trans_z,0.045925925925925926,450,0.3486591036444444,0.14983789235931852,0.03951020549451649,0.011821979843481989,3.390698742671526,7.889846591763523,29.92133221155412,0.41658827088752753,0.1112152399245132,2.424081542849369,3.813804249381387,10.459412191567155,0.9666171998221569,70
MaD,1,rot_x,0.045925925925925926,450,1.1514382406444446,0.5854319301407189,0.15083150573608328,0.014227328297659714,1.235613669535317,2.4302275918294933,9.432597140914256,0.467176068233556,0.14217503367059905,0.515950719154917,0.559854008002456,1.424035136930774,0.7196629503804,70
MaD,1,rot_y,0.045925925925925926,450,0.3060484632,0.17805097238346637,0.05179224469574249,0.0005702338792799022,0.18632143201034776,0.3202644004952671,1.1010024427977292,0.6021001220108729,0.2401852053196162,1.7881937616903307,2.583662109396271,7.841507987780686,-1.601872329679983,70
MaD,1,rot_z,0.045925925925925926,450,0.6888556179777778,0.3201486414268954,0.11875912432941717,0.0017537788864918635,0.25459310205530467,0.5478014458144536,1.47675296226266,0.44066424705502466,0.168934897840354,0.9065324335814764,0.9898348664639444,2.164728851739293,-0.6519393315261718,70
MaD,1,FD_Power2012,0.045925925925925926,450,4.913165283309789,,,0.07749304863649087,1.577253036850556,,,,,2.0416026099927342,3.0593588753206187,8.364270489476834,-0.4643495731421782,70
MaD,2,trans_x,0.03925925925925926,450,1.1461469292444444,0.31674285888263665,0.10029308534768415,0.015308257234244227,1.3356278190559423,4.833023635717207,15.263522087465331,0.5263742524062277,0.12755994570196524,1.1930269583760817,2.2296391469059937,8.488094295460566,0.14260086067986055,70
MaD,2,trans_y,0.03925925925925926,450,7.925495465,1.6517071258145837,0.37956153961500566,0.08640885603842197,1.0902644058029496,5.2314877551797885,22.765440388419655,0.4085667512508241,0.07557119363602283,3.1520576461673984,6.174757721004355,21.023341018505487,-2.061793240364449,70
MaD,2,trans_z,0.03925925925925926,450,14.725315604799999,0.4566690410640659,0.11888129915736384,0.8410724186901497,5.711744598641988,184.1754844450154,707.4892557969251,0.41231190655550715,0.13220335287958915,3.082844159083337,4.898802032683385,15.482889749760062,2.628900439558651,70
MaD,2,rot_x,0.03925925925925926,450,27.013594603200005,1.7454654805128913,0.8587104953387158,1.901799189232733,7.040155955429374,108.95656261697621,221.47152032683312,0.29733357646348585,0.09015368053845975,3.6303260681436633,5.8730069908987925,16.60603871601191,3.4098298872857105,70
MaD,2,rot_y,0.03925925925925926,450,0.9764455572444444,0.17621423714219925,0.08106168130245282,0.03526349945963603,3.611414809357172,20.011719842579755,43.5020578071442,0.4290819882576358,0.10421275400841343,3.6696744224310436,5.93655797397981,22.195278557006393,-0.05825961307387162,70
MaD,2,rot_z,0.03925925925925926,450,1.7725795782444445,0.4180393797200693,0.1378382212617407,0.08673433370255368,4.893113672699253,20.747885943337057,62.92473372668822,0.45450585449521863,0.13716575386097435,2.304985537260731,4.4338811679670584,15.341274883791096,2.588128135438523,70
MaD,2,FD_Power2012,0.03925925925925926,450,4.542228596486218,,,0.11182097335646457,2.461808580989674,,,,,1.5866307062558451,2.1339178086256574,6.653235643887048,0.875177874733829,70
RoH,1,trans_x,0.06481481481481481,450,0.6115890432,0.4000060028075762,0.044166577118949155,0.022458444643914666,3.672146336436308,5.614526903667081,50.8494117246843,0.6195138028629105,0.10678135228479144,1.4929351143894667,1.88308181337684,5.408584628086131,2.179211222046841,70
RoH,1,trans_y,0.06481481481481481,450,1.033567736111111,0.4934111567796349,0.047258539853687,0.09545807770242609,9.235783429308219,19.346558421065286,201.99117026883488,0.5969855692706282,0.08608205284668613,1.6406450374515424,2.394895441888565,6.86856903269807,7.595138391856676,70
RoH,1,trans_z,0.06481481481481481,450,0.7007672009111111,0.22278704025580726,0.021381597992878705,0.026511616620341072,3.78322738077234,11.899981520424193,123.99268113249045,0.3899108176474331,0.05476258065883363,0.8639553956965741,2.416840081115949,10.480417440531195,2.919271985075766,70
RoH,1,rot_x,0.06481481481481481,450,1.0493730894444446,0.450356574117017,0.06482585769173634,0.0006744975732420055,0.06427624074094522,0.1497696740775787,1.0404761267477791,0.43759326192443515,0.09588785254149872,0.7439781620886667,0.8674351974875203,2.3692720014860025,-0.6797019213477216,70
RoH,1,rot_y,0.06481481481481481,450,0.5570391579777777,0.3104416635394664,0.030985612884882153,0.045702656119433804,8.204567931157372,14.721817812196988,147.4963761059962,0.5666474928234478,0.08562650188816298,1.0997230111731715,1.5862406237282949,4.11617941115965,7.104844919984201,70
RoH,1,rot_z,0.06481481481481481,450,0.5853985152,0.2980801272343453,0.05404005504200351,0.005606136769987002,0.9576615970868461,1.8807482477956532,10.374039711154147,0.4601010057424626,0.12709509734512872,0.7193055949736354,0.990340432368179,2.5982097386463185,0.23835600211321062,70
RoH,1,FD_Power2012,0.06481481481481481,450,2.2655041276755368,,,0.008694310274597772,0.38376934159543324,,,,,1.2097665682359722,1.6856269429226018,5.290360536844178,-0.8259972266405389,70
RoH,2,trans_x,0.03777777777777778,450,0.772663885,0.06884634628395686,0.025270367746258467,0.004791009726845985,0.6200638880444095,6.958989090118825,18.959002793124537,0.5160033483144963,0.21516292310291021,2.0699041588533804,4.617002495766115,14.461775197337703,-1.4498402708089708,70
RoH,2,trans_y,0.03777777777777778,450,0.39437187424444453,0.16876321668087874,0.055876936476928374,0.010118554443798389,2.565739370532945,5.995710820641667,18.10864210133701,0.47739522076505836,0.20783788939685366,1.210062555517543,1.666682651932856,5.089889725411808,1.3556768150154022,70
RoH,2,trans_z,0.03777777777777778,450,0.17686442391111112,0.04664867213191436,0.01581064147944345,0.0030534889000878584,1.726457380497554,6.545714509200007,19.312871676066518,0.37725494543086535,0.18754947809587794,1.7522582601775318,3.0010387525245243,12.008384000002485,-0.025800879679977948,70
RoH,2,rot_x,0.03777777777777778,450,0.2647245212444445,0.14024025786560002,0.046747049098582794,0.006014549461476004,2.2720031499923716,4.288746721529904,12.866158564987035,0.5188034033616088,0.20750047508196579,1.2404972370296838,1.4630666738264075,4.043666218007266,1.0315059129626876,70
RoH,2,rot_y,0.03777777777777778,450,0.1998166322,0.11840110073090068,0.030417990690749318,0.01374422576192666,6.878419284021272,11.608190867384097,45.18452879304265,0.5942576771401052,0.25367051092196236,0.9028921153585896,1.4510162805339921,4.575933139190507,5.975527168662683,70
RoH,2,rot_z,0.03777777777777778,450,0.5037075889111111,0.1908978996116493,0.05554249089884037,0.001037501670569485,0.20597300763570037,0.5434851156980319,1.8679422794686837,0.3870009821632695,0.13008523166020616,0.8350149044484177,0.9734892556563322,2.3496819483585396,-0.6290418968127175,70
RoH,2,FD_Power2012,0.03777777777777778,450,0.6764897357500741,,,0.010031341577171893,1.4828520001193224,,,,,0.7934745174310922,1.0650059452319334,2.830289413390175,0.6893774826882302,70
HaM,1,trans_x,0.04444444444444444,450,0.2694816103111111,0.10351032948829125,0.026649132053782824,0.01458095954428068,5.410743808249941,14.08647776155522,54.71457574998554,0.5289448521964573,0.17172450923515561,1.6044936893383093,2.7933115655031906,7.4478473401172165,3.806250118911632,70
HaM,1,trans_y,0.04444444444444444,450,0.2554211089111111,0.1304830414992707,0.036586622646962025,0.00649583604289955,2.5431868456730258,4.97829907109872,17.75467526910121,0.5785940796454753,0.25750110034897095,1.4400626572493127,1.954051046805616,5.359655117258175,1.103124188423713,70
HaM,1,trans_z,0.04444444444444444,450,0.2162335072,0.07305421062243178,0.015623449841089359,0.001496524774647956,0.692087361494711,2.0485126892719285,9.578708863084296,0.5282725852311357,0.1696549912429809,2.0175915997891845,2.880378638459399,8.28395471004867,-1.3255042382944735,70
HaM,1,rot_x,0.04444444444444444,450,0.45523782524444445,0.26794001842682935,0.05108465165504649,0.005361077576032491,1.177643262212187,2.00084989450597,10.49449766680143,0.5258556498460424,0.13510619489868844,0.7933271411333687,0.9945768319023961,3.2080585521963085,0.3843161210788185,70
HaM,1,rot_y,0.04444444444444444,450,0.33963166097777775,0.13031575700950576,0.03112049282640149,0.054108498713383524,15.931523744755902,41.52107155348576,173.86774372506034,0.4311646158841639,0.11176356473989078,1.3983636214439943,2.4365369939645274,7.449250999307713,14.533160123311909,70
HaM,1,rot_z,0.04444444444444444,450,0.47470705564444443,0.2905433412775769,0.09155833088699736,0.0017993321148801478,0.37904052477952793,0.61929903709654,1.9652303591039793,0.5826570640231454,0.2335380013018751,0.7963936369024048,1.1072242434988675,2.7750101255251254,-0.41735311212287696,70
HaM,1,FD_Power2012,0.04444444444444444,450,0.7792208140474299,,,0.007843214451752178,1.0065458096547681,,,,,1.2704672428625228,1.4370071432960216,3.5209845109859956,-0.2639214332077547,70
HaM,2,trans_x,0.04555555555555555,450,0.3279112726444444,0.1741813183553575,0.045193703087717654,0.008126895136111645,2.4783823595243315,4.665767381282239,17.98236165852119,0.6407086750876243,0.2061896916681123,1.810479532491168,2.306059348317137,6.434855630013664,0.6679028270331632,70
HaM,2,trans_y,0.04555555555555555,450,0.3420589002,0.18305810565466152,0.05130840835261824,0.000122307226365026,0.03575618885914491,0.0668133355404421,0.23837657470188262,0.5495524705396109,0.2280369060528922,1.5960345855041052,2.0829468208954776,5.030062657468561,-1.5602783966449603,70
HaM,2,trans_z,0.04555555555555555,450,0.3201610345777778,0.13495361258832653,0.034146892338155765,0.0013805118484301326,0.4311929620825735,1.0229528665092933,4.04286233358796,0.587281332317816,0.20951394438470566,1.8181015304000772,2.645505980319062,9.098172194891111,-1.3869085683175035,70
HaM,2,rot_x,0.04555555555555555,450,0.46530420277777773,0.27550926948038157,0.07685300591428232,0.009235176157909697,1.9847609591268356,3.352038272733075,12.016675272545765,0.625843349217518,0.2163201902043948,1.1933517550551802,1.5859467894813726,4.0119349278265135,0.7914092040716555,70
HaM,2,rot_y,0.04555555555555555,450,0.31367021131111106,0.19760634697428475,0.04991695358426057,0.005615047472027568,1.7901118019965028,2.84153194368715,11.248778358537612,0.6796224939194118,0.2130894164307396,1.0778233622662372,1.6482043766620564,5.727969944745297,0.7122884397302656,70
HaM,2,rot_z,0.04555555555555555,450,0.3520639889111111,0.212862616393927,0.05613481636624549,0.006185310106848418,1.7568709955195334,2.9057756649019963,11.018669886604842,0.564207443934674,0.18267213157150228,0.8401730692027792,0.9804141980155887,2.218471896399158,0.9166979263167542,70
HaM,2,FD_Power2012,0.04555555555555555,450,1.271078446051753,,,0.0018250612113868137,0.1435836802249186,,,,,1.147669159100722,1.5928560725603473,4.504887720418811,-1.0040854788758034,70
ElL,1,trans_x,0.05259259259259259,450,0.24541074944444446,0.08243128123862306,0.010482457919541926,0.0017371409575777097,0.7078503942921048,2.107380755794652,16.571885820206766,0.5113826678963992,0.11448661978143913,1.8175758499057775,3.1555027311154906,10.233915490123165,-1.1097254556136726,70
ElL,1,trans_y,0.05259259259259259,450,0.7229955802000001,0.31634496826807784,0.052206682965627554,0.0017352718759606756,0.24001140857329342,0.5485378463456916,3.3238500846781704,0.49485436412755013,0.13479493018008712,1.2577332866135116,1.8093901391335727,5.0984357399690765,-1.0177218780402182,70
ElL,1,trans_z,0.05259259259259259,450,0.3503401943111111,0.04352241108434579,0.007922030426365748,0.007130440130732052,2.035290339651989,16.38337572087485,90.00773472165467,0.35406695522153386,0.08276995778669281,1.5292716835667235,3.370372221785082,11.95929625924936,0.5060186560852658,70
ElL,1,rot_x,0.05259259259259259,450,1.5760597482,0.29452750880022177,0.048720862798550174,0.011428508572583151,0.7251316827065422,3.8802856205649423,23.457114501106986,0.14636329043456836,0.03673318162269772,0.23911790945107364,0.273824537740874,0.6576845151845632,0.4860137732554685,70
ElL,1,rot_y,0.05259259259259259,450,0.22733087024444443,0.08044861512508268,0.012272135412882388,0.009974585894190924,4.387695293413273,12.398704289293597,81.27832327958454,0.5226564750292865,0.1083329665571445,1.9155039321616392,2.720038958781432,7.2048521340478455,2.472191361251634,70
ElL,1,rot_z,0.05259259259259259,450,1.8492301168000003,0.3510955903165952,0.06257418901185077,0.005551985428434936,0.3002322630372453,1.5813315750928445,8.872644641680388,0.17099596776501405,0.042710301993061736,0.1843429109766452,0.2421182447941074,0.5970744277976262,0.11588935206060012,70
ElL,1,FD_Power2012,0.05259259259259259,450,3.8625629877762644,,,0.24507612572989546,6.344909494174733,,,,,0.8755376417826298,1.5612861743105209,4.690294805910542,5.469371852392103,70
ElL,2,trans_x,0.05259259259259259,450,0.35096780944444445,0.10864414229847205,0.024140604522175507,0.006434305015599717,1.8333034661454382,5.922367169987965,26.653454389218705,0.5738913014836874,0.14710735293879934,1.9166912890254524,3.2970973821413145,8.729265756191722,-0.08338782288001417,70
ElL,2,trans_y,0.05259259259259259,450,0.9509916599999998,0.3017448967053144,0.06752262341259055,0.0268929284682754,2.8278826828276715,8.912471681182787,39.828026680700376,0.42873211578033643,0.10199772590049759,1.9221544388881215,2.9179325849815996,9.29084834426041,0.9057282439395499,70
ElL,2,trans_z,0.05259259259259259,450,0.262464045,0.08160481445923257,0.01457392913325547,0.0026663264598636993,1.0158825601669361,3.267364159250334,18.295179258004975,0.47928203070759373,0.12239583983328252,1.6785196707403958,2.3744104372521577,8.425697757336037,-0.6626371105734595,70
ElL,2,rot_x,0.05259259259259259,450,0.9620571235777778,0.3373746522502009,0.07496709720860684,3.943806437134434e-05,0.004099347471663512,0.011689693967315784,0.05260716479604672,0.2749595062478095,0.06964780778893002,0.6889895075538968,0.7961249437081593,1.9920770705880366,-0.6848901600822332,70
ElL,2,rot_y,0.05259259259259259,450,0.2849635844444445,0.12953120342139302,0.023396855461081667,0.00593140806835557,2.0814617699027216,4.57913453413956,25.35130448714305,0.6821209610882331,0.1797929371387015,1.7723759875251142,2.8893239312885513,8.762366602696464,0.3090857823776074,70
ElL,2,rot_z,0.05259259259259259,450,0.831659580911111,0.3346486044811225,0.09390384873461706,0.002237856513225167,0.2690832360487593,0.6687183162454826,2.3831360943997124,0.34673686569709483,0.12589971793902904,0.3804877490514383,0.5482329434638065,1.62709967643892,-0.11140451300267902,70
ElL,2,FD_Power2012,0.05259259259259259,450,3.1888023773618333,,,0.012530957886038863,0.3929675283422863,,,,,1.7532509386602564,1.9796386708603824,4.291332683253969,-1.3602834103179702,70
TaR,1,trans_x,0.05037037037037037,450,0.4807264705777778,0.2929928739968415,0.08539180504410604,0.005498525409083854,1.1437950155886487,1.8766754747568126,6.439172244038864,0.6640528137453353,0.23483700015492698,1.398377649193941,1.9143013263880877,5.143494002116136,-0.25458263360529243,70
TaR,1,trans_y,0.05037037037037037,450,4.8637218,3.536828496305227,0.8736216314488434,0.051423731066392975,1.057291785611442,1.4539503716426494,5.886270350370118,0.7179579223035791,0.2212948595174893,1.1533965959835075,1.4612455665926527,4.171752351661505,-0.09610481037206561,70
TaR,1,trans_z,0.05037037037037037,450,0.45397499111111117,0.20274249127443633,0.02723632291757499,0.003882536218889565,0.8552313001619306,1.9150086370567903,14.254994077722039,0.5026025949286815,0.08197029004826771,0.8396565838296979,1.8468937708093751,7.303105717419188,0.015574716332232737,70
TaR,1,rot_x,0.05037037037037037,450,3.6476649783111115,1.430707542302632,0.2472759266133146,0.002454687522137622,0.06729476354690216,0.1715715790654853,0.992691668678373,0.3399227031844263,0.09442152126846465,0.4303036939289056,0.4357138480280622,0.8524461992727911,-0.36300893038200344,70
TaR,1,rot_y,0.05037037037037037,450,0.2653937752,0.10268798126070058,0.02939293666841857,0.001118129864694839,0.4213097552315307,1.0888614723627401,3.804076732136197,0.522089088017655,0.15188473742325373,1.634567246159893,2.279843416469619,6.142398089160677,-1.2132574909283624,70
TaR,1,rot_z,0.05037037037037037,450,0.5630794956444445,0.30341657429024216,0.08057570085044409,0.0006461292262665008,0.11474920171387272,0.21295119680852592,0.8018909167985718,0.5115035537535538,0.18784001037466083,0.9709654941751334,1.3548147914818949,3.245550146102599,-0.8562162924612606,70
TaR,1,FD_Power2012,0.05037037037037037,450,8.164864017350567,,,0.10576821853735119,1.2954069818259157,,,,,1.130020156419698,1.7120771319349168,4.96994675737727,0.16538682540621752,70
TaR,2,trans_x,0.05037037037037037,450,0.41502348524444443,0.11980058364422508,0.015576059923568683,0.00016591342717464652,0.0399768767487761,0.13849133462267926,1.0651822603969126,0.5445665177128026,0.10163398127988287,1.6670869185152215,3.0900095764602162,9.8854121943805,-1.6271100417664452,70
TaR,2,trans_y,0.05037037037037037,450,40.08042331664444,3.782517142611297,0.39949676102910336,0.22039478030147563,0.5498813686679576,5.82666970147091,55.168101922463364,0.4816654626119237,0.07277720413813707,4.440227737286246,6.056265416513303,17.747517307938285,-3.890346368618289,70
TaR,2,trans_z,0.05037037037037037,450,1.7601941369111112,0.17215126461575755,0.018735373474298322,0.028513015908568473,1.6198790412178476,16.56276877907906,152.1881373097973,0.42601524518718087,0.07219804519349925,4.703026526839568,6.249257273103936,17.256598078402973,-3.0831474856217205,70
TaR,2,rot_x,0.05037037037037037,450,38.397095871111105,2.9675559240119895,0.8305973897309704,0.9813992940689715,2.5559206283810356,33.07096207110962,118.15583653433413,0.3734505294414128,0.11637612525581535,2.5072658948907267,6.002090633230084,19.252944253638823,0.04865473349030883,70
TaR,2,rot_y,0.05037037037037037,450,0.27441879824444443,0.09485537233426726,0.013001292350464889,0.0028862131341965136,1.0517548916694683,3.0427513625960922,22.19943261327641,0.48505175355710106,0.11036494997454846,2.372337947576756,4.622631678647844,18.610215027019464,-1.3205830559072878,70
TaR,2,rot_z,0.05037037037037037,450,1.2761647602,0.35945250222167,0.08203793406579263,0.018598507351001548,1.457375092232354,5.174120985679513,22.67061885796143,0.4330406995472962,0.12702973258201894,3.457725340674255,6.1172895016905375,19.502564396807507,-2.000350248441901,70
TaR,2,FD_Power2012,0.05037037037037037,450,4.688593135275668,,,0.0021013061224479657,0.04481741242673253,,,,,1.2454212068028896,2.218515674369775,8.220876994648096,-1.2006037943761572,70
OrS,1,trans_x,0.04962962962962963,450,4.4556057027777785,0.08607216052413601,0.011231074164514637,0.1615040773896288,3.6247389953949827,187.6379963116419,1438.0109598057165,0.23989016491528548,0.04009286713828386,3.498333778616457,5.697563585719881,18.708670146784907,0.12640521677852595,70
OrS,1,trans_y,0.04962962962962963,450,14.211778027199998,1.1741107873837537,0.08277856200818189,0.6613579043358424,4.6535901635253945,56.32840711816747,798.9482884112838,0.38090653262370455,0.032541797004951495,0.9735577092725283,3.59213458178586,15.632013397223416,3.680032454252866,70
OrS,1,trans_z,0.04962962962962963,450,6.201643629444446,0.24937854863008363,0.019424052196318785,0.08614518148025141,1.389070166354729,34.54394211269354,443.4974773007329,0.4155378986139187,0.03696143387972426,3.67583342163591,5.639184546353038,19.726344890618076,-2.286763255281181,70
OrS,1,rot_x,0.04962962962962963,450,10.57990962,0.4355248470154152,0.06910943947618393,0.13328046127002757,1.2597504710066472,30.602263495040084,192.8542067194133,0.466507913934814,0.08312609307142103,3.097446380524005,4.3201897939961444,12.170422503809592,-1.8376959095173575,70
OrS,1,rot_y,0.04962962962962963,450,1.0532753313111112,0.06947666830755007,0.006682524868021273,0.006193373574319594,0.5880108828344168,8.914321491214276,92.68014256044933,0.4349376801920215,0.06195289260357639,2.009838840725834,3.7419015342274133,11.186709727512458,-1.421827957891417,70
OrS,1,rot_z,0.04962962962962963,450,2.8787045044444444,0.15312009657630032,0.03281877048815582,0.062300627463466984,2.1641897376851555,40.68742696516152,189.832301871123,0.4859047027829745,0.13078280484853552,2.308329262083179,4.0478851825206865,11.826130945216887,-0.144139524398023,70
OrS,1,FD_Power2012,0.04962962962962963,450,1.1816482613155646,,,0.0218733674805891,1.8510895497985858,,,,,1.1452044220390127,1.3854511834105734,3.964161468111522,0.7058851277595729,70
OrS,2,trans_x,0.056666666666666664,450,0.27117128524444445,0.11227689654024078,0.019212792537251566,0.014325685067032412,5.282891606358202,12.759245676066572,74.5632631969373,0.5533015059435971,0.11579736533313735,1.9294319529422752,2.996048430930215,8.932722371911979,3.3534596534159267,70
OrS,2,trans_y,0.056666666666666664,450,1.025322333977778,0.7495559276056418,0.141302052763731,0.007483608281872778,0.7298785985515236,0.9984055900642642,5.296178035280212,0.6853440952720848,0.18343324159075633,1.3510122061729406,1.6878281132959663,4.001847052691023,-0.621133607621417,70
OrS,2,trans_z,0.056666666666666664,450,0.6427126459777778,0.19261902335025793,0.02215151431917128,0.006013786178939662,0.935688167422116,3.1221143552390505,27.148420158954835,0.47520330375366404,0.06700731176302221,1.8807439570458266,3.0267009376019245,8.00592792054913,-0.9450557896237105,70
OrS,2,rot_x,0.056666666666666664,450,0.8925240889777777,0.44352136466249337,0.08912093632130852,0.001850110274842054,0.20728967404801535,0.41714118467549655,2.075954709645144,0.42823353185243135,0.1223674242907333,0.5870657367080151,0.6337658791315123,1.3193041053253869,-0.3797760626599998,70
OrS,2,rot_y,0.056666666666666664,450,0.3507350777777778,0.12587869775295937,0.02263948239745186,0.019071711367494026,5.437640138058182,15.150864846824852,84.24093374873537,0.5469662535605306,0.1215731055395147,1.9212952219728767,2.667721586912895,8.043631381026215,3.5163449160853046,70
OrS,2,rot_z,0.056666666666666664,450,0.41744988499999997,0.22308846793185932,0.06206597316534272,0.0034316775845981695,0.822057379318279,1.5382586183909557,5.52908044389514,0.5140731720707203,0.18646705466203226,0.9617881386333473,1.1202633062087848,2.7380921489104915,-0.13973075931506834,70
OrS,2,FD_Power2012,0.056666666666666664,450,2.010380882900428,,,0.003328736182842462,0.1655773893969788,,,,,0.9023826523158791,1.177903922476022,3.0766213129812607,-0.7368052629189003,70
ShR,1,trans_x,0.046296296296296294,450,0.10410865999999999,0.020596339346070892,0.005663233305417256,0.0022119099840430673,2.124616707239405,10.73933550461251,39.05736996438465,0.39708777376208115,0.08628233180213071,1.327711225575277,2.604467510315867,11.497493296901105,0.7969054816641279,70
ShR,1,trans_y,0.046296296296296294,450,0.23930638277777777,0.08580747800577826,0.020832912880917456,0.01771163871448239,7.401239577855135,20.64113656071991,85.01758163019973,0.4046134959407973,0.09397241512856278,0.8607127240608636,1.8325787258036745,6.256047770170846,6.540526853794271,70
ShR,1,trans_z,0.046296296296296294,450,0.12971543057777776,0.024628784437811118,0.0064540656594924825,0.00013271056356051192,0.10230900284522301,0.5388433355109854,2.0562320026187595,0.46579276496151534,0.10316863719060153,2.1471633819369464,3.834768818371163,12.912457180331916,-2.0448543790917233,70
ShR,1,rot_x,0.046296296296296294,450,0.2728882711111111,0.14457307139621867,0.034638886061995805,0.011018995471479831,4.037914647857203,7.621748203219009,31.81105608234142,0.5117914046173708,0.13527738938972966,0.8765362900522242,1.5315417114947762,4.307178662767256,3.1613783578049794,70
ShR,1,rot_y,0.046296296296296294,450,0.0934612562,0.020160998177472838,0.006115737951035506,0.007463819728208601,7.986004074497558,37.021082302107445,122.04283093824908,0.49919081415328426,0.13746162345692817,2.0355278742657354,3.016562841132077,9.586723520241701,5.9504762002318214,70
ShR,1,rot_z,0.046296296296296294,450,0.4956063288,0.2803789715238273,0.07529238488447557,0.0007636225762416848,0.15407845539233253,0.2723537261341264,1.0142095743325765,0.493107689318132,0.13469588210510577,0.9217094644889869,1.074999384928418,2.53705224820461,-0.7676310090966544,70
ShR,1,FD_Power2012,0.046296296296296294,450,1.1622418511345778,,,0.005774905212809545,0.49687637793907485,,,,,0.7385824938224596,1.1512389831989474,2.9069426060087493,-0.2417061158833847,70
ShR,2,trans_x,0.046296296296296294,450,0.07532006624444444,0.01492243393184025,0.0036312266348653374,0.0036769313536171716,4.881742060188881,24.64029239741944,101.25865784065911,0.45235364918959997,0.10087200041909046,1.278759653437303,3.308592347774126,13.39451017552353,3.602982406751577,70
ShR,2,trans_y,0.046296296296296294,450,0.20630773991111107,0.08281430529440781,0.018814844432623712,0.0020920860461466906,1.0140608622090854,2.526237512600329,11.119337465895546,0.44120154515035037,0.0916191881899755,1.0744573321893547,1.6506815954493363,5.529896562511718,-0.06039646998026917,70
ShR,2,trans_z,0.046296296296296294,450,0.06560086944444445,0.010628456048340933,0.0021257734727373177,0.000273692281551316,0.41720831426342353,2.5750897431056172,12.874950462096399,0.19542724591544475,0.03480091272859639,0.929752352102093,1.7944928376812368,6.263749709357065,-0.5125440378386694,70
ShR,2,rot_x,0.046296296296296294,450,0.21680939031111104,0.11619814328896338,0.02392798898542115,0.0005160669635353721,0.23802795755056586,0.44412668647553905,2.156750255317325,0.5107537004604369,0.10607405292660804,1.6279582139303967,2.465041354710409,7.559773237510528,-1.3899302563798308,70
ShR,2,rot_y,0.046296296296296294,450,0.2551091408,0.03416903793618102,0.00784839592569198,0.012490179451278838,4.896014079350793,36.55408582064055,159.14308566406322,0.44096995798827743,0.08443243549360503,1.9437678143477608,4.450228811588913,17.688820908524942,2.9522462650030317,70
ShR,2,rot_z,0.046296296296296294,450,0.3395590012444444,0.17517523478401786,0.04711586948025291,0.002046015012695579,0.602550662829485,1.1679818869477818,4.342517787033729,0.4570407885358858,0.1346932777748738,1.0299872233758431,1.3737653053424341,3.476314906688348,-0.4274365605463581,70
ShR,2,FD_Power2012,0.046296296296296294,450,0.6203923203320691,,,0.006044880624286431,0.9743641928144544,,,,,0.9808795608149217,1.4410351336956002,3.930738379092026,-0.006515368000467245,70
NH,1,trans_x,0.045925925925925926,450,1.9612834809777775,1.15668207757649,0.29084642208921224,0.0005860376706550152,0.02988031441343972,0.05066540599322645,0.2014938559138465,0.5603755478923267,0.2097932145624896,0.6797551012050647,0.853368908846463,1.8607605981663171,-0.6498747867916249,70
NH,1,trans_y,0.045925925925925926,450,2.379989056111111,1.4848628527469065,0.5060562722875002,0.005235068033905499,0.2199618532053072,0.35256239485154733,1.0344833807200313,0.6510694557236562,0.25801234801785267,1.2234937859538386,1.8039797794159904,5.555583446217739,-1.0035319327485315,70
NH,1,trans_z,0.045925925925925926,450,1.4531038818000002,0.8629994169631903,0.23993138686437193,0.010396748647419463,0.7154855738559256,1.2047225575197484,4.333217418234873,0.6836589869095038,0.2940828262455686,0.9672544751660042,1.3365913180730022,4.028354057438655,-0.2517689013100785,70
NH,1,rot_x,0.045925925925925926,450,5.106504543200001,2.698710278190656,0.8444769288687624,0.0271442951481351,0.5315631253923271,1.0058247218124479,3.2143323541706272,0.4808832894722577,0.17026927979110137,0.4812306281576908,0.6272813440844236,1.6395857283454847,0.05033249723463626,70
NH,1,rot_y,0.045925925925925926,450,0.8078983065777777,0.44027519839863977,0.11149270886193882,0.004739934850214067,0.586699441207177,1.0765845697086878,4.251340646932812,0.5728947726400172,0.1870858342401358,0.9829034428445463,1.24732119365977,3.5478671131485804,-0.3962040016373694,70
NH,1,rot_z,0.045925925925925926,450,0.5207944644444444,0.2797738886624763,0.09487601119389891,0.01231358586860698,2.3643849367221006,4.401263437226011,12.978608305361405,0.534579001154027,0.24627255009030702,0.8953179208987114,1.222415617974392,3.4049413470134917,1.4690670158233892,70
NH,1,FD_Power2012,0.045925925925925926,450,16.230630761230643,,,0.061697138082550396,0.38012779041171646,,,,,1.375601728799839,2.0571456322275883,5.960823712576527,-0.9954739383881226,70
NH,2,trans_x,0.04555555555555555,450,1.2058493289777776,0.6953360677137502,0.2462453166567978,0.058152055803242675,4.822497670794354,8.363158263089295,23.61549717686269,0.6021180957662707,0.2430437729714958,1.4059977113294302,1.7947657331764757,4.822915190030308,3.4164999594649235,70
NH,2,trans_y,0.04555555555555555,450,5.6242083682,3.522291830823583,1.388444224909463,0.12539432119640992,2.2295461509819874,3.560020782465665,9.031282564093388,0.6591051970520937,0.3134818045821494,1.6928023283304265,1.936051701912326,4.065006597897055,0.5367438226515607,70
NH,2,trans_z,0.04555555555555555,450,0.9812270844444445,0.41740577076888663,0.10798668224071413,0.06345294110299393,6.46669278793094,15.201740260109434,58.759969087253175,0.636052177002471,0.21618150055522528,1.2444178973609605,2.9619821891964175,10.99846993847897,5.222274890569979,70
NH,2,rot_x,0.04555555555555555,450,5.6203532761111115,2.9554167534997404,0.9625877750719615,0.0690395766249754,1.2283850006088215,2.3360352323651217,7.172288949941641,0.5014254770300707,0.20467861356475484,0.8208058753669583,0.9175622108146401,2.3081048110454465,0.40757912524186335,70
NH,2,rot_y,0.04555555555555555,450,1.1431568792,0.7017490452168957,0.19185572297728481,0.030249508619060395,2.646138003405928,4.310587784228607,15.766800254711116,0.5838563947769512,0.20496849552737964,0.9697039558826784,1.2254256196636744,2.907627786400478,1.6764340475232495,70
NH,2,rot_z,0.04555555555555555,450,0.8084081027777777,0.5397019888826076,0.21566557017615726,0.030404458558788927,3.7610284278838764,5.633564297537229,14.097965908028035,0.631689691106847,0.29131931988133336,0.926314944870649,1.2523556643291667,4.120862604088877,2.8347134830132275,70
NH,2,FD_Power2012,0.04555555555555555,450,16.783308817391713,,,0.1261809466149728,0.7518240174679842,,,,,1.2014467558475102,2.0125773292185225,6.850634589418812,-0.449622738379526,70
NiC,1,trans_x,0.05259259259259259,450,0.20918181191111113,0.06023754973428164,0.011565193096542569,0.007592488743266734,3.629612285074314,12.60424565202026,65.64947666577673,0.5660035674078431,0.16564313278835424,2.1407214492729585,3.478244766797304,9.690083816724435,1.4888908358013555,70
NiC,1,trans_y,0.05259259259259259,450,2.275901845,1.5634955576976046,0.4138371847451392,0.02497820250586491,1.0975078982751523,1.597587046722901,6.035755951038495,0.6723942935880485,0.22288434289790765,1.1210861101013854,1.4482168980281718,3.257530856310351,-0.023578211826233084,70
NiC,1,trans_z,0.05259259259259259,450,0.14779811777777774,0.06691751255626659,0.014993500924866966,0.001092723278351776,0.7393350434913812,1.632940670699581,7.287979530781078,0.4375823660605353,0.1381960595905408,0.7738046101615046,1.2529427013327945,3.5821552137709793,-0.03446956667012332,70
NiC,1,rot_x,0.05259259259259259,450,2.8349548762,0.8371140072244128,0.2382941261398496,0.006394525670343043,0.22556005120315442,0.7638775143119549,2.6834592081343356,0.2609296394483176,0.08754980071339626,0.34037554351393234,0.42838521840851207,1.1464019189540322,-0.11481549231077792,70
NiC,1,rot_y,0.05259259259259259,450,0.2029975849777778,0.10331419105804977,0.0253416005448463,0.004392855304600818,2.163993874647181,4.251937957034942,17.334561393732447,0.5592083800300843,0.17507132210266554,1.4960114159631468,2.151957590551679,5.746533218552182,0.6679824586840342,70
NiC,1,rot_z,0.05259259259259259,450,0.7306050623111111,0.40442800838843784,0.13086447436671622,0.0016798338450283445,0.2299236525564925,0.4153604127770813,1.2836439019508183,0.5261487042756562,0.2087442402412897,0.7248039876365456,0.8545073671690844,2.0661121105203537,-0.4948803350800531,70
NiC,1,FD_Power2012,0.05259259259259259,450,3.7470535638907063,,,0.10718457009426174,2.860502746135499,,,,,1.074525919591439,1.366154388142095,3.3299523635455417,1.78597682654406,70
NiC,2,trans_x,0.04962962962962963,450,0.17192349857777778,0.052370632222306396,0.014092313428220043,0.002271793116206844,1.3213976768737579,4.337914246601765,16.12079611895055,0.4806622445200086,0.1521833949670683,2.027759423851199,3.1612217481969145,8.67629694604797,-0.7063617469774411,70
NiC,2,trans_y,0.04962962962962963,450,1.3969096232000002,0.8738503815498365,0.2666357322904127,0.035255150089803955,2.523796064132086,4.034460685051874,13.222215112340969,0.6654542943673082,0.2337190020440888,1.2131396201852964,1.469573232002437,3.572920862260218,1.3106564439467894,70
NiC,2,trans_z,0.04962962962962963,450,0.4418465472,0.08035225844937124,0.014013874306925769,0.04042574387406911,9.149272327745624,50.31065044617355,288.4694338530665,0.5292424795345441,0.11503645716582536,2.704750882775947,4.118135274625086,12.008853308473912,6.444521444969678,70
NiC,2,rot_x,0.04962962962962963,450,1.0051825642,0.4681436862829472,0.17563381669551623,0.0033464756641630178,0.3329221758662711,0.7148394311870307,1.9053709172445779,0.4929457967212176,0.22643375457869486,0.9944394987407394,1.2386226082624414,3.075128857205036,-0.6615173228744683,70
NiC,2,rot_y,0.04962962962962963,450,0.21853130464444445,0.045300655037006435,0.005556306341098494,0.03810155482382527,17.43528456292218,84.10817634469045,685.7353155998326,0.41691205626256844,0.06131661446620869,1.5169477735789967,3.22110215378433,11.394867594654931,15.918336789343185,70
NiC,2,rot_z,0.04962962962962963,450,0.5154978327999999,0.27509944780393164,0.08292512613502698,0.00276190681416999,0.5357746703159351,1.0039666877624744,3.3306030908807753,0.5400912327588726,0.20943324113853945,0.9088731384197184,1.3055645150736823,3.7770875284150978,-0.37309846810378333,70
NiC,2,FD_Power2012,0.04962962962962963,450,2.148629141730649,,,0.03736552935410664,1.739040424817563,,,,,1.1623503021236277,1.6877688121442656,4.980617493387319,0.5766901226939354,70
ToL,1,trans_x,0.04703703703703704,450,0.19548777057777775,0.04552049951996933,0.007177110914713741,0.0035474983156669193,1.814690660792765,7.793188460312638,49.4279433301528,0.4349623216260085,0.06799461249755902,1.5510145404746865,3.518774632694134,11.835826226823562,0.26367612031807863,70
ToL,1,trans_y,0.04703703703703704,450,0.24875306597777777,0.11898773581556843,0.026081741907400893,0.005382128521084356,2.163643089152986,4.523263245740453,20.635617591005822,0.5228122590880246,0.11755059267091826,1.1166759251877834,1.8549540017098056,5.974618881742029,1.0469671639652025,70
ToL,1,trans_z,0.04703703703703704,450,0.2184846159111111,0.03235167935180937,0.007605042261724884,0.0008216877380927412,0.37608494065643455,2.539861158851359,10.804512451274345,0.42104816719380295,0.0943716326569323,2.116083613438175,4.117987118893881,13.58503418864756,-1.7399986727817407,70
ToL,1,rot_x,0.04703703703703704,450,0.24290926891111111,0.10516669339853835,0.030354778393188668,0.003987707962223724,1.6416450389478403,3.7917974154725558,13.137002387467698,0.41872707388394104,0.13255801536589343,1.2504968523999298,1.5662327910384937,3.8007961894791387,0.3911481865479106,70
ToL,1,rot_y,0.04703703703703704,450,0.14025991724444445,0.01727545450831347,0.002767740917736723,0.019282111711762376,13.747414151227243,111.61565504677888,696.6732900538257,0.3818805566238005,0.053377267956728675,2.13655700699231,3.1715646572484726,10.50202008950421,11.610857144234934,70
ToL,1,rot_z,0.04703703703703704,450,0.5194308431999999,0.28695609243752007,0.10299074947685152,0.004020139343664297,0.7739508341279604,1.4009597459721528,3.903398474217216,0.47215170520070926,0.17477175349496002,0.9542160521043384,1.3210628157339046,3.9224720559288606,-0.18026521797637785,70
ToL,1,FD_Power2012,0.04703703703703704,450,0.5893251098798875,,,0.0033615490815140925,0.5704065591570029,,,,,1.0525067841213014,1.3011621004193483,2.9882463983959275,-0.48210022496429866,70
ToL,2,trans_x,0.047407407407407405,450,0.19197586197777777,0.04682471099447824,0.008490689608735147,0.008248102699168147,4.296426964408114,17.614850201938882,97.14290686922028,0.46774032506369123,0.06922038488435633,1.8897366405346103,2.8762401478113193,8.659038317770639,2.4066903238735033,70
ToL,2,trans_y,0.047407407407407405,450,0.4720715116444445,0.3072196795952056,0.09286109110735818,0.01910747324476436,4.0475802444007165,6.219482186147866,20.57640397814614,0.645401906601373,0.18277731313435278,1.0716625855814348,1.3615571525880164,3.6480110520763596,2.9759176588192817,70
ToL,2,trans_z,0.047407407407407405,450,0.27782246,0.04597112470669759,0.012176792818396518,0.002561007788569325,0.921814524487806,5.570905225636579,21.031874540069307,0.562119604894566,0.13641180260854036,2.589047410185757,4.374488764026033,11.45922565040312,-1.6672328856979508,70
ToL,2,rot_x,0.047407407407407405,450,0.45671730231111113,0.23953168880226483,0.0658513683691273,0.010523030064910233,2.304057676742462,4.393168234870616,15.979971753849965,0.49751820936166175,0.1416111382578966,0.8898589956803031,1.0928731564892078,2.877467858798044,1.4141986810621585,70
ToL,2,rot_y,0.047407407407407405,450,0.12964353664444445,0.02654112333122481,0.0044630745143277376,0.0064612138240905115,4.983830271316029,24.34416110974886,144.77046715998532,0.5104182083826164,0.07195483417780053,2.124356665057957,3.013584089255198,9.497448591138298,2.8594736062580726,70
ToL,2,rot_z,0.047407407407407405,450,0.5612245662444444,0.3176471650436705,0.07442167767798044,0.01440056825796976,2.565919085533671,4.533510713369644,19.349964563121556,0.48784571715571545,0.1009495385970614,0.6961282080287022,0.9195270497856645,2.173866535310831,1.8697908775049688,70
ToL,2,FD_Power2012,0.047407407407407405,450,1.0677379033838608,,,0.00804424393115033,0.7533912494495717,,,,,0.938016382228422,1.0989795055766682,2.5086215988910774,-0.18462513277885031,70
ShL,2,trans_x,0.04296296296296296,450,0.594054925,0.2729897114629337,0.0700197608057503,0.009687653979183364,1.6307673872383708,3.5487249417818236,13.835599933080283,0.5781889830949613,0.17598325342344306,1.4463022863332742,2.420778893982713,7.019604034541427,0.18446510090509677,71
ShL,2,trans_y,0.04296296296296296,450,8.402858073800001,1.1211505190683284,0.2654981683071754,0.050131940947503395,0.5966058275316362,4.471472839272539,18.88221725488587,0.5017482621209197,0.15495283037295465,1.7151092019222114,3.6130952500577282,14.264856197264248,-1.1185033743905752,71
ShL,2,trans_z,0.04296296296296296,450,2.1487772472,0.2930870733826762,0.058775290148765064,0.05551985965085038,2.5837885114986423,18.94312806432085,94.46122598514627,0.4270332761122762,0.0986560875686949,2.620450677511396,4.422293854074075,17.722728590500537,-0.0366621660127537,71
ShL,2,rot_x,0.04296296296296296,450,4.874050659644444,1.6135105376511008,0.5695358261936063,0.08660688572932962,1.7768975289158666,5.3676058326467,15.206573800308872,0.468763799690642,0.1418124231711571,2.7487816412975885,4.623898410492499,14.797497557656403,-0.9718841123817219,71
ShL,2,rot_y,0.04296296296296296,450,4.6324451275777765,0.2768682054443381,0.0801578944903371,0.029096755819319142,0.6281079433861166,10.509244198922216,36.29930152772003,0.5762948327594994,0.20327118189412707,2.1070494238836983,4.580094275163633,15.396245640636131,-1.4789414804975816,71
ShL,2,rot_z,0.04296296296296296,450,15.38096422657778,0.6167371815708929,0.12474391990233116,0.1448605836846415,0.9418173110000957,23.488219619849534,116.12636816131862,0.3338068413165842,0.07674211102270669,2.8767164475709883,5.4176089257872615,20.860413021020385,-1.9348991365708925,71
ShL,2,FD_Power2012,0.04296296296296296,450,2.776605397325991,,,0.10621173954980012,3.825237091741135,,,,,0.7902712859536343,1.489735745936796,5.2640857540829895,3.0349658057875004,71
DaH,1,trans_x,0.047,450,0.3102070761111111,0.07013259162241678,0.009509985686893055,0.0005501079108363172,0.17733570675843563,0.7843826929967377,5.784529324733813,0.524314505959799,0.06281995800108084,2.211844192514806,4.3399099795390095,12.903392450813373,-2.034508485756371,70
DaH,1,trans_y,0.047,450,0.3354650062444444,0.1421508068275485,0.023848555359292735,0.0014308117857683156,0.426515958187818,1.0065449628464773,5.999574247631696,0.3792157924804483,0.0630980274496088,0.4571393939852413,0.6922685744993041,1.561764115922991,-0.030623435797423257,70
DaH,1,trans_z,0.047,450,0.16902722080000002,0.05707690484621243,0.011543472507664864,8.042338236027846e-05,0.047580136489044404,0.14090354509756722,0.6967000814259083,0.47534028931777367,0.07930367403768447,1.3348100619378067,1.9761243624374876,6.752914685730324,-1.2872299254487625,70
DaH,1,rot_x,0.047,450,0.9841151539777778,0.3143044380165284,0.09331842481145775,0.00042088454571198586,0.042767814722776826,0.13390983225310127,0.4510197708141224,0.2925558099006374,0.09226796455097123,0.9270738228794805,1.090215966158719,2.756824360035953,-0.8843060081567036,70
DaH,1,rot_y,0.047,450,0.140302265,0.017585770918339745,0.004268237439578656,0.002474440087535529,1.7636494232901576,14.070694421220962,57.97334666976249,0.506958736688455,0.10875479414352054,2.1504119657556253,4.544348814946146,13.59014058494389,-0.38676254246546754,70
DaH,1,rot_z,0.047,450,0.9573107435777777,0.295589285583842,0.07436567029940266,0.0011682172835212334,0.12203114729029681,0.3952163831695706,1.5709093709743875,0.3122249764333621,0.07815140241522293,0.7905652933254013,1.2992697015900285,4.041376116684452,-0.6685341460351044,70
DaH,1,FD_Power2012,0.047,450,3.47395158116566,,,0.042881730873853385,1.2343790600404603,,,,,0.8983580889867165,1.372382397580121,4.181866258521262,0.33602097105374373,70
DaH,2,trans_x,0.047407407407407405,450,0.1914418161111111,0.050240584138421245,0.01250260829332683,0.000842554461795153,0.440109939881756,1.6770395413273342,6.739029505106226,0.48157547788952554,0.12522337400950237,1.5734717343785738,2.7191969275202785,8.462768192897986,-1.1333617944968177,70
DaH,2,trans_y,0.047407407407407405,450,8.284912015644444,0.08876926728681797,0.013372271153406206,0.048572892844656934,0.5862813359144489,54.71814100674671,363.2359252024617,0.2904860245587515,0.036825349777629586,2.6767063472948047,4.906613700188321,19.374925492186158,-2.0904250113803555,70
DaH,2,trans_z,0.047407407407407405,450,1.0600590607999998,0.03539005956008193,0.005769865521690072,0.028531750370376807,2.691524597586536,80.62080348279233,494.49593345148656,0.331320168377236,0.04773288685092481,3.092736695306287,4.419720882416895,11.93784168417772,-0.40121209771975114,70
DaH,2,rot_x,0.047407407407407405,450,3.1262250689777775,0.5945204923424166,0.09294150071058738,0.018707375697657902,0.598401435753789,3.1466326120989803,20.128118821656667,0.46598550772259056,0.07734461989297016,2.0494689953954923,4.231902806406862,15.130529831983205,-1.4510675596417035,70
DaH,2,rot_y,0.047407407407407405,450,0.09450175824444444,0.017069143968154864,0.005300126784036275,0.00569382858749766,6.025103334870902,33.35743490195161,107.42815822155794,0.4713221378151281,0.11754525123963239,1.664111007949403,2.8203016481246124,10.385688317196582,4.360992326921499,70
DaH,2,rot_z,0.047407407407407405,450,1.0062513288,0.4198042752204615,0.08019842654213297,0.006335437887621476,0.6296079027469977,1.5091408691096349,7.899703473974139,0.4662843352202276,0.07649409899728975,0.8361388132815651,1.416681565850731,4.531511242207051,-0.20653091053456746,70
DaH,2,FD_Power2012,0.047407407407407405,450,1.9723018115900557,,,0.010416778126851156,0.528153351867239,,,,,1.11212471903075,1.4872176510780937,3.7778918595196194,-0.583971367163511,70
NoaG,2,trans_x,0.0437037037037037,450,0.590090320911111,0.453725986331848,0.19106469578623383,0.012217972141492117,2.0705257667381036,2.6928085473500047,6.394678038878398,0.774308187057106,0.3996728422601172,1.22980780187137,1.6500418114392554,4.068312212835318,0.8407179648667336,71
NoaG,2,trans_y,0.0437037037037037,450,0.7322850196444444,0.4995313508572065,0.15614393929785725,0.01042847409189629,1.4241004270386084,2.0876515706173002,6.678756882137531,0.6039287562781862,0.22418929292627227,1.3301114307024695,1.5494785733830552,3.633487867249452,0.09398899633613883,71
NoaG,2,trans_z,0.0437037037037037,450,0.2846604219777777,0.14034871333432358,0.04232461587332165,0.001795692164959506,0.6308190483535813,1.279450393451062,4.242666183513739,0.6049833751002998,0.23903796198370014,1.3131557942660859,1.8729303594780482,5.61517170141782,-0.6823367459125046,71
NoaG,2,rot_x,0.0437037037037037,450,0.6399441777777777,0.35694703584352383,0.08099060592279678,0.020619573953044257,3.222089467966761,5.776648040882831,25.459216804353325,0.5101308240604513,0.15675699764782358,0.7660189153009711,1.1706389398124697,3.7376948654463185,2.4560705526657896,71
NoaG,2,rot_y,0.0437037037037037,450,0.7547424311111112,0.5850854624173552,0.20751898168929414,0.008282790182481126,1.0974326924070545,1.4156547572143943,3.991340992065225,0.7674571827655371,0.3636862912969381,1.0469894516081717,1.3532400927190578,3.566087308569446,0.05044324079888293,71
NoaG,2,rot_z,0.0437037037037037,450,0.660559412911111,0.3655197595188542,0.07424279187209483,0.006988145695896231,1.057913271585852,1.9118380098233154,9.412557798116454,0.5228304142512218,0.1437397807225383,0.6891863160995378,0.9719922529755928,2.5860454957699455,0.3687269554863142,71
NoaG,2,FD_Power2012,0.0437037037037037,450,2.8172958639604704,,,0.020900524621222605,0.741864739468338,,,,,0.8617598652009826,1.3710497811346096,3.8189152277308596,-0.11989512573264459,71
MaE,1,trans_x,0.05407407407407407,450,0.27433962500000003,0.13219879395499817,0.032042524668157754,0.003192772643869246,1.163802948214005,2.4151299329977993,9.964173163427608,0.4272964189154572,0.1006340234558451,0.9278386426633547,1.2048201062106934,3.180214000653404,0.23596430555065037,70
MaE,1,trans_y,0.05407407407407407,450,0.7835117288000001,0.37974375162970764,0.09341855510147204,0.005623349291669855,0.7177109269675369,1.4808273388401252,6.019520731787945,0.47212283346261164,0.11919991323612648,0.6833875960966329,0.7885919014912078,1.7199932145525731,0.03432333087090393,70
MaE,1,trans_z,0.05407407407407407,450,0.29975090179999997,0.06314121483520475,0.011218088320124123,0.001782409941473051,0.5946303850195961,2.822894596065418,15.888713750591416,0.39611392060523065,0.06226287082874737,2.277576419306105,3.76720437226645,12.945019687694337,-1.6829460342865088,70
MaE,1,rot_x,0.05407407407407407,450,1.279093211111111,0.4918204555042995,0.10428770454010627,0.013859575972767546,1.0835469887865432,2.818015358583715,13.289750727457541,0.356835893025009,0.06235362978214018,0.42755094773498786,0.45084070339462834,1.007079976798321,0.6559960410515554,70
MaE,1,rot_y,0.05407407407407407,450,0.1489027,0.028927719974616545,0.0066591489499258204,0.022973949921451492,15.42883367558244,79.4184607069297,344.99828873338856,0.3553627157518175,0.07355636442450153,1.9416694624726956,3.373061473285457,12.034715791221009,13.487164213109745,70
MaE,1,rot_z,0.05407407407407407,450,0.5617942315777779,0.2700347438764006,0.07777803910261846,0.00744498913758751,1.3252163726705666,2.7570486044548423,9.572096729984118,0.47912538793188186,0.14656020263035033,0.8480787148404202,0.9336220546968949,2.07544037268294,0.4771376578301463,70
MaE,1,FD_Power2012,0.05407407407407407,450,3.5970102622485065,,,0.16327376291162965,4.539151990341182,,,,,1.2418058235053389,1.9653002945187645,6.101403079407368,3.2973461668358426,70
MaE,2,trans_x,0.04777777777777777,450,0.16164496,0.0661656524071585,0.01519084193376281,0.0011873776612995601,0.7345590368543258,1.7945529411436696,7.816404557936465,0.4299690791751707,0.11732567147119097,1.2300571517869716,1.9598062281556021,7.112126647695378,-0.49549811493264584,70
MaE,2,trans_y,0.04777777777777777,450,0.37653888,0.16937028895096512,0.049474273945902134,0.0017325664179398403,0.46012948727627817,1.0229458948620207,3.5019542072195398,0.464603588118721,0.16646482338080798,1.130324791520975,1.1618069196470742,2.3837686085977747,-0.6701953042446969,70
MaE,2,trans_z,0.04777777777777777,450,0.1952598528,0.028854853222428915,0.0043919637579290065,0.009809810361918109,5.023977136747134,33.99708980079972,223.3581810461897,0.31506253825861374,0.04682622506785077,1.4141241150845085,2.711156942468255,7.853815775235927,3.6098530216626257,70
MaE,2,rot_x,0.04777777777777777,450,0.4500707166444445,0.21592029014258676,0.051509234407199116,0.0013731084393305837,0.30508726485649995,0.6359330280743081,2.6657519862859256,0.4806277362119092,0.15300327719601248,0.813397782285058,1.1508697900686062,3.3423890449148015,-0.508310517428558,70
MaE,2,rot_y,0.04777777777777777,450,0.1508293543111111,0.012556727630706655,0.00301451885843377,0.03307233127274137,21.926985913182442,263.3833610586977,1097.1014886907856,0.32357148614465686,0.09207047947692003,2.5120825980375323,3.54867461271272,13.48819010229813,19.41490331514491,70
MaE,2,rot_z,0.04777777777777777,450,0.4323405522,0.20626548316233548,0.04492564835953686,0.003033789643895335,0.7017129502327852,1.4708178980715236,6.752912322190936,0.4172589866443184,0.11621767567228085,0.5737840663713689,0.7559227421875002,1.9319811805305953,0.12792888386141632,70
MaE,2,FD_Power2012,0.04777777777777777,450,1.408155926421472,,,0.006941157477062587,0.49292534632170026,,,,,0.9628521837302667,1.0094799409479351,2.538550439546678,-0.46992683740856644,70
AmK,1,trans_x,0.045,450,0.28973414631111105,0.09751026086332447,0.024351783002439578,0.004617759068921035,1.5937918011094805,4.735664768032494,18.962714428173182,0.5344781676158717,0.17966259239150884,1.230331802915631,2.2542363262344085,8.583683724308724,0.36345999819384944,70
AmK,1,trans_y,0.045,450,0.9474596232000001,0.48856495186865945,0.13364468189396506,0.012797365706101682,1.3507030160165754,2.6193785815282937,9.575664010525486,0.5725466601691734,0.1990445520375647,1.3558099919776812,1.640571887489404,3.7375066551793568,-0.005106975961105889,70
AmK,1,trans_z,0.045,450,0.37691311680000006,0.1245631998318237,0.0309992516193256,0.009889289159653147,2.623758293055283,7.939173987987588,31.90170292204071,0.4760303142632145,0.1488802657432343,1.728116638775485,2.404584883857708,6.79240068731872,0.8956416542797982,70
AmK,1,rot_x,0.045,450,0.7539817159111111,0.4020816198275473,0.0868518742615213,0.004726571007949265,0.6268813829573677,1.1755252602634485,5.4421059397256055,0.5698273311169134,0.19789672545451328,0.9699132118775912,1.472526240679135,4.693858274719092,-0.34303182892022344,70
AmK,1,rot_y,0.045,450,0.2320041227777778,0.09932354692258866,0.028466815568455785,0.009493190555161374,4.091819766605745,9.55784489106116,33.348270136968964,0.5536482839490846,0.21006199519423727,1.6995904064748473,2.1503344121800287,5.399891960768275,2.3922293601308975,70
AmK,1,rot_z,0.045,450,0.6063733836444445,0.439788030072351,0.10494168445005982,0.018341716463019853,3.0248221570646603,4.170581100172825,17.4780084378657,0.6379722162732593,0.20400234996185307,0.9510500629062175,1.1875493402254966,3.0392124853798252,2.0737720941584428,70
AmK,1,FD_Power2012,0.045,450,1.629763413562982,,,0.008229174222150748,0.5049306024216216,,,,,1.272035673702488,1.857134102951984,5.108758565371664,-0.7671050712808665,70
AmK,2,trans_x,0.043,450,0.37310226924444445,0.16079152458916152,0.05315673528382196,0.003004755143645288,0.8053435723481677,1.868727317141086,5.652632968525765,0.5732626773046479,0.24590251021600273,2.171999505882142,2.722705668169294,6.575751718685425,-1.3666559335339743,70
AmK,2,trans_y,0.043,450,0.687986726311111,0.4045438763229417,0.0787651291056143,0.018340234643524522,2.665783210943953,4.533558834266909,23.28471349159161,0.6160824081781044,0.15348424205209477,0.9556435673468755,1.2078233593949874,2.8534160105819186,1.7101396435970777,70
AmK,2,trans_z,0.043,450,0.23187931279999996,0.06622729097070651,0.01953361840724213,0.001248809505639048,0.5385601201587864,1.885641836371381,6.3931294223299115,0.5095465760663446,0.21791240972461823,2.095787380894645,3.0487748807484025,10.144639522657839,-1.5572272607358586,70
AmK,2,rot_x,0.043,450,0.9432361476444444,0.5277778198933454,0.11207664967595951,0.031397452853442864,3.328694827043272,5.948990592251061,28.014267864198683,0.5500370898079513,0.13403017613364648,0.5634559605068127,0.7487376580027363,1.8252782748219762,2.7652388665364596,70
AmK,2,rot_y,0.043,450,0.2589399089111111,0.13742713393703343,0.029407113399263662,0.003992556189390428,1.5418852220114871,2.905216804724854,13.576838145189726,0.5474767084636039,0.17185131759380748,1.323714958117762,1.885657549756706,5.656889093442001,0.2181702638937251,70
AmK,2,rot_z,0.043,450,0.7728702802,0.46295609864456144,0.15314323869128976,0.010564984660310417,1.3669803239912985,2.2820705227218046,6.89876010889883,0.568645496541994,0.22947650021539712,1.1403800070408368,1.4436427427390226,3.459969722345494,0.2266003169504618,70
AmK,2,FD_Power2012,0.043,450,2.7657610873954344,,,0.15792796844854395,5.710108843756548,,,,,1.0965835221239004,1.3249391836216735,3.1076018202887616,4.613525321632647,70
MoM,1,trans_x,0.04444444444444444,450,0.2723799992,0.07905121114797309,0.02617161331740655,0.019856302719737373,7.289926858821054,25.11827767264575,75.86961674437966,0.44759954614450265,0.17453886629238774,3.1034789350629906,4.3173095586791534,12.113738933888621,4.186447923758063,70
MoM,1,trans_y,0.04444444444444444,450,0.45024572079999997,0.26544952643084907,0.052171568342368135,0.00016745640609711065,0.03719222601373598,0.06308408545634904,0.3209725362254839,0.6868066661539289,0.2290675523502568,1.48886241292823,2.2856991149358787,7.900249174189468,-1.451670186914494,70
MoM,1,trans_z,0.04444444444444444,450,0.31927133120000006,0.11048587699032095,0.030992299770030353,0.0007243723501418886,0.2268829924125328,0.6556243837439484,2.337265564404352,0.5264883672660693,0.17249678330612284,1.4862948138475787,3.1779019149079506,11.819275654408457,-1.2594118214350458,70
MoM,1,rot_x,0.04444444444444444,450,0.3792615362,0.24515068349775848,0.08371894845353256,0.013549875457150251,3.5726996185568503,5.527162014734559,16.184956580852166,0.7083597364245188,0.27903248085777316,1.4191252781669104,1.7892223709986235,4.05348053369251,2.1535743403899397,70
MoM,1,rot_y,0.04444444444444444,450,0.2090453649777778,0.069190583863501,0.014181039106862942,0.00037069293201918985,0.17732654921987662,0.5357563288532032,2.6140040178000232,0.5309619120597698,0.1616527148454918,2.3300726968827368,3.9821262567409046,13.036579016896685,-2.1527461476628598,70
MoM,1,rot_z,0.04444444444444444,450,0.3992636961111111,0.268989949327064,0.06373147309579469,0.004686921892639806,1.1738913250293315,1.7424152479916613,7.354171596810417,0.6195031902274019,0.204305721265954,0.8227976719846803,0.9682203988521093,2.5205545409837606,0.35109365304465123,70
MoM,1,FD_Power2012,0.04444444444444444,450,0.6918380642752247,,,0.002676302843366507,0.38683949056347805,,,,,1.264198551419741,1.841624910543185,4.873007453981745,-0.8773590608562629,70
MoM,2,trans_x,0.045925925925925926,450,0.11338259111111113,0.05758950621491846,0.00969829780667375,0.0006269179548857584,0.5529225860356286,1.0885975520369306,6.464206063607919,0.6254099807935041,0.14097146208733138,1.5212385831801234,2.518853335358609,6.311828220452825,-0.9683159971444949,70
MoM,2,trans_y,0.045925925925925926,450,0.37897171957777775,0.2243024877370353,0.049943546049455445,0.023246270044623707,6.134038199611037,10.36380393242756,46.545093177013555,0.5959276158072728,0.16326828806566,1.0704817696572486,2.1028192246346644,6.8073383193755514,5.063556429953789,70
MoM,2,trans_z,0.045925925925925926,450,0.3902284961111111,0.0774987790152647,0.01953037056790271,0.005686730651025651,1.4572822609567828,7.33783257398875,29.117371998929393,0.508497008743801,0.14804359472457376,1.9360623409961106,3.65710668138108,13.18874511089858,-0.4787800800393279,70
MoM,2,rot_x,0.045925925925925926,450,0.34676606257777776,0.20761838370107594,0.06706349969216488,0.011452551161993396,3.3026735883142115,5.516154666959796,17.077174938025806,0.6235302152392818,0.2678434094735528,1.2214120340261536,1.5836613747849952,4.0844178906027695,2.081261554288058,70
MoM,2,rot_y,0.045925925925925926,450,0.33040378624444444,0.04931070398771123,0.009340884121201825,0.0016010382597476114,0.48457019150594915,3.246837157600929,17.140114779002495,0.5243067070692239,0.14935310493544632,1.9153553321584742,4.160938762885732,13.79997091948405,-1.4307851406525252,70
MoM,2,rot_z,0.045925925925925926,450,0.47429513824444447,0.27716089993822524,0.1113922114110174,0.004322785644278959,0.9114125985518875,1.5596664772132143,3.880689313482296,0.5445895535543395,0.24892933653038496,1.2878733132346931,1.3230011444561938,2.760285685567133,-0.3764607146828056,70
MoM,2,FD_Power2012,0.045925925925925926,450,0.8563436341725357,,,0.0035341050912092165,0.4126970704493106,,,,,1.4345977223748783,1.6099112000788938,3.3638793345667652,-1.0219006519255676,70
TiP,1,trans_x,0.05074074074074074,450,0.3849678818,0.18561363582673246,0.03457812915799842,0.0035955404052834816,0.9339845154021057,1.93711005620291,10.398308100632974,0.5874602691398825,0.1432028533202086,1.2191854348800801,1.9710579702798308,5.829377781738235,-0.2852009194779743,70
TiP,1,trans_y,0.05074074074074074,450,0.8302735577777778,0.3811109426057008,0.041370923616423645,0.0023314668010550044,0.2808070640350346,0.6117554077861131,5.63552030568988,0.5874745485419466,0.09842062840801374,1.26245815214211,2.0337394659079115,6.415083386617061,-0.9816510881070755,70
TiP,1,trans_z,0.05074074074074074,450,0.7868348522,0.1991129539078533,0.043157135597416685,0.0010336026250911123,0.13136207962841842,0.5191036568969034,2.3949750389666318,0.5664385378916461,0.16933444339964873,2.1771799828157516,4.11393873060149,11.927899653183886,-2.045817903187333,70
TiP,1,rot_x,0.05074074074074074,450,0.4905433761111111,0.26144258997866354,0.04738257527111438,0.012833494256649702,2.6161792986361387,4.908723654281825,27.084839064189335,0.5147725351061982,0.1447276486340355,1.332918490979235,1.7057930419415879,4.414214302978866,1.2832608076569039,70
TiP,1,rot_y,0.05074074074074074,450,0.3386713288,0.10365838747592541,0.01591449993327949,0.002413583651592943,0.7126625274554221,2.3284016955728704,15.165940882288078,0.5708181807088643,0.11459613682419896,1.5787968343850065,2.6213777233707276,9.418141355194699,-0.8661343069295845,70
TiP,1,rot_z,0.05074074074074074,450,0.7261413729777778,0.23704012715513048,0.06921031480188314,0.005576666082994897,0.7679862751967942,2.3526253339145646,8.057564972733172,0.3043312045298015,0.09750479416070772,0.4795837763766108,0.6099763557959883,1.5263651646098684,0.2884024988201834,70
TiP,1,FD_Power2012,0.05074074074074074,450,2.138564001404187,,,0.007555605191892134,0.35330273898424847,,,,,1.554199565522478,2.0802501603080836,5.671765673445899,-1.2008968265382296,70
TiP,2,trans_x,0.04703703703703704,450,0.209581085,0.10102877708577687,0.020199892719815753,0.004322224274413533,2.0623160121599393,4.27821101976105,21.397263512065607,0.5496334791717346,0.08777427183505335,1.0400291507181274,1.8927430329187478,6.24071322340601,1.0222868614418121,70
TiP,2,trans_y,0.04703703703703704,450,0.5673152008,0.31982336578962894,0.07309385231405235,0.011175396087510281,1.9698742553965216,3.4942400346262223,15.289105353887336,0.6686204180235158,0.1596521556441079,1.3081461146245892,1.757741868341948,4.393901617180712,0.6617281407719324,70
TiP,2,trans_z,0.04703703703703704,450,0.4302901592,0.11561133735641241,0.028083061731321926,0.026627043095572067,6.188159902396408,23.031515510874932,94.81531376571411,0.5688508587516019,0.12874958192328,2.541017742452499,3.6358454034395726,10.066716374363814,3.6471421599439084,70
TiP,2,rot_x,0.04703703703703704,450,0.37146158197777773,0.2374264687428892,0.050596830766060974,0.004608742635628882,1.2407050578664134,1.9411241973276878,9.108757536490419,0.5772263776855175,0.10898902566684175,1.1660932811086566,1.3707156802690366,3.7167507387070087,0.07461177675775668,70
TiP,2,rot_y,0.04703703703703704,450,0.21955562444444443,0.03666836409306526,0.009507861244536005,0.0019686080200611022,0.896632926185515,5.368682428986262,20.705056262704986,0.49733166314060223,0.1179141654773837,1.8342485044412316,3.31614758392686,10.88360305118887,-0.9376155782557165,70
TiP,2,rot_z,0.04703703703703704,450,0.43078101519999995,0.20221229641406668,0.05601487821390533,0.0033863566632202358,0.7860970060735016,1.6746541744850425,6.045459297954155,0.43875961027192806,0.1284206581931191,0.7079867039512734,0.7779997831026875,1.7021072268356925,0.07811030212222818,70
TiP,2,FD_Power2012,0.04703703703703704,450,1.1280012776596178,,,0.07232988266827034,6.412216377834315,,,,,1.1586396879684189,1.6382622262146176,4.50484595498825,5.253576689865897,70
IdS,1,trans_x,0.04925925925925926,450,0.22153976624444446,0.08561172261779244,0.019098191232905154,0.0015358145531300937,0.6932455419473059,1.7939302074163728,8.041675436174124,0.5414010238425279,0.15568897984147484,1.3553564224338426,2.4070047228421743,7.236106064068816,-0.6621108804865368,70
IdS,1,trans_y,0.04925925925925926,450,0.39871203611111117,0.1831886453839945,0.03829276014030575,0.00163269014735401,0.40949106108726047,0.8912616521245704,4.2637045263172135,0.5908844666459175,0.16879674180373436,0.9388036745068006,1.671201498952802,5.520112221168551,-0.5293126134195402,70
IdS,1,trans_z,0.04925925925925926,450,0.2717557162,0.0934173898835805,0.019208219680062942,0.0010174980187712679,0.374416418171103,1.0891955127833306,5.297201071827463,0.4795093871491452,0.12043393264849873,1.5552070591832037,2.287014300100474,7.000492065846414,-1.1807906410121007,70
IdS,1,rot_x,0.04925925925925926,450,0.46194993680000007,0.2771216001621005,0.07710388775531948,0.003617223121534896,0.7830335786150271,1.3052837163970705,4.691362818193742,0.6283009247586394,0.23685551397743376,1.242224307461081,1.5767574857975264,3.8296734463121136,-0.45919072884605394,70
IdS,1,rot_y,0.04925925925925926,450,0.2314891777777778,0.0796455271746081,0.01753125823854274,0.0010378358856425185,0.44833019651519423,1.3030686373225393,5.919916708321713,0.5474619132759581,0.15537881443277424,1.725258315929741,2.865074188933901,9.34603107784709,-1.2769281194145468,70
IdS,1,rot_z,0.04925925925925926,450,0.41937537664444446,0.2078774717710619,0.06371064649952275,0.01568896000754172,3.7410303230185016,7.547215132970335,24.625334805948395,0.5117594941005527,0.20387799042001067,1.3536581663337262,1.7312193652897767,4.5567184208293225,2.3873721566847754,70
IdS,1,FD_Power2012,0.04925925925925926,450,0.7229132114448131,,,0.005982442599300475,0.8275464474281741,,,,,1.0926941581240566,1.5593452785403463,4.329341449117602,-0.2651477106958825,70
IdS,2,trans_x,0.048,450,0.22294450864444443,0.06331350323731963,0.012862575554237893,0.001902481572396697,0.8533430959857397,3.0048591139643253,14.790829133515778,0.5089054018728495,0.1228831339169656,1.5449557741516895,2.9597425323202744,8.640938510479113,-0.69161267816595,70
IdS,2,trans_y,0.048,450,0.3382863155777778,0.16769451289573967,0.04140593011322784,0.0018254925810153866,0.5396294490652179,1.0885821780885259,4.408770859689495,0.5743259017218777,0.16791286770224959,1.2958816164383526,1.8811102645506113,5.628071980195508,-0.7562521673731347,70
IdS,2,trans_z,0.048,450,0.15743782891111113,0.06711762863454536,0.011104716316340248,0.0016049267966948277,1.0194035371263688,2.3912149897810515,14.452659131266843,0.4657181452724749,0.09103465744575207,1.1299487522658107,2.2263334573209566,6.849621874022814,-0.11054521513944211,70
IdS,2,rot_x,0.048,450,0.3719713761111111,0.2423862028610198,0.05140483452627611,0.005091917863740358,1.3689004559908282,2.100745753527885,9.905523304695343,0.6546034345200591,0.1718936649979518,1.3142386106814252,1.6321988377439645,3.6846002447144373,0.054661845309402976,70
IdS,2,rot_y,0.048,450,0.19732456197777776,0.07769061528261244,0.01674429220211426,0.02172548603985286,11.010026233986792,27.9641060388347,129.7486079292718,0.583024995165081,0.13736232995478956,1.8979202953301157,3.3297611467690924,12.289558304381453,9.112105938656677,70
IdS,2,rot_z,0.048,450,0.49366238597777773,0.27652714217205215,0.08428755696226051,0.004065533495911933,0.8235453239686249,1.4702113738196456,4.823408866545109,0.5568380937720536,0.20612075995619542,0.8877435889074773,1.0865032941063806,2.8695334581383745,-0.06419826493885249,70
IdS,2,FD_Power2012,0.048,450,0.8242096804008416,,,0.008146792727468322,0.9884369137118426,,,,,1.3985332220877116,1.5334439601877066,3.3581833385852464,-0.41009630837586886,70
DoP,1,trans_x,0.052,450,0.11265414097777779,0.06472141682468548,0.007709773082041296,0.0005344671590742089,0.4744318801202685,0.8257964446636731,6.9323332008196985,0.6414532373383093,0.12456529766884789,1.4007471096055382,2.201310268215066,7.421190307283568,-0.9263152294852697,71
DoP,1,trans_y,0.052,450,0.5090042233111112,0.25112659340060245,0.04860683589913532,0.014327736006348846,2.814856016939473,5.7053838115396,29.476792186351148,0.5129737345355753,0.14617244439585542,1.1489130607959903,1.4357569933462104,3.4125193680486285,1.6659429561434833,71
DoP,1,trans_z,0.052,450,0.24067995611111115,0.05921544951741828,0.016183060648184866,0.002852531805470071,1.1851970772976146,4.817208733053688,17.62665213634986,0.4236696308170327,0.14716315078491424,2.34674532798127,3.0963230336530034,9.221613774840629,-1.1615482506836554,71
DoP,1,rot_x,0.052,450,0.6053883952000001,0.31585779510481027,0.09383619259198123,0.0008010423930675525,0.13231875592906187,0.25360855596479576,0.8536603744683537,0.5607073794073639,0.20473299877852316,1.1836064311580514,1.7016800463946713,4.82946448419846,-1.0512876752289895,71
DoP,1,rot_y,0.052,450,0.20895090124444443,0.08006834796158459,0.010161117090434237,0.0011004726339924886,0.5266656556341356,1.37441656036225,10.830232780493033,0.5148493856853636,0.09426519677587558,1.6844456635670395,2.7585130685736434,8.190343521771931,-1.157780007932904,71
DoP,1,rot_z,0.052,450,0.3858335858,0.22475849865534395,0.06509053542234092,0.002426131206292259,0.6288024929871875,1.079439140591792,3.7273179434617805,0.5717446061167915,0.21286991357199703,0.8366526909573044,1.3084352891534,3.9419679950238873,-0.20785019797011692,71
DoP,1,FD_Power2012,0.052,450,1.3418212212115135,,,0.09289418070072641,6.922992365320726,,,,,1.140069808932553,1.4669022924643318,3.7623929517997965,5.782922556388174,71
AlS,1,trans_x,0.05814814814814814,450,0.44508033219999993,0.07215831906640413,0.010624486384557106,0.039064930297842526,8.777051572858184,54.13780531929074,367.6877063405545,0.5508857768684001,0.1138651642493296,2.1861795929655723,4.144849456518544,12.730592774216056,6.590871979892612,70
AlS,1,trans_y,0.05814814814814814,450,3.885067311111111,0.23158402268130962,0.033916028575669395,0.018527882244602445,0.4768999031654759,8.00050108383309,54.62869039417526,0.46148134567763915,0.10239490329988594,2.515312032090296,4.48422556932927,16.87387449565998,-2.0384121289248203,70
AlS,1,trans_z,0.05814814814814814,450,0.9749794592,0.10339079147877794,0.010070601265972416,0.16546983495883216,16.971622673425873,160.04310692678717,1643.097870610156,0.40047175868898394,0.0390497632176979,2.014636453749315,3.85972727621443,11.483169587911998,14.95698621967656,70
AlS,1,rot_x,0.05814814814814814,450,1.0840131819777779,0.310403248867721,0.03612874804031893,0.017098689108898224,1.577350662627712,5.508540639078448,47.32710109361233,0.554430143242295,0.09551586963147743,2.46811408389961,3.6268709747563888,12.12026733929466,-0.8907634212718979,70
AlS,1,rot_y,0.05814814814814814,450,0.7780395311111111,0.04594808487742267,0.00536510096249266,0.04427458557807251,5.690531625667449,96.35784754943626,825.2330363882335,0.4696365552930452,0.07122773488511422,1.9242845043288475,4.308325743774756,17.178626930213763,3.766247121338602,70
AlS,1,rot_z,0.05814814814814814,450,1.0474892752,0.19859475511685395,0.050210584745597975,0.029818789209886898,2.8466916001782945,15.014892609999395,59.38745657109909,0.41392155271574865,0.13313526608906898,1.7556998363801428,2.891791454658028,8.690567400560244,1.0909917637981517,70
AlS,1,FD_Power2012,0.05814814814814814,450,0.6267204497111325,,,0.018224935231600736,2.9079847705625306,,,,,1.009768563563101,1.3005459224165128,3.1219208208307996,1.8982162069994295,70
AlS,2,trans_x,0.035925925925925924,450,0.2475046248,0.16517607867210507,0.05183162798743069,0.019918194077213708,8.047604804681496,12.058764342477089,38.42864839600239,0.6118727051533833,0.2387309965338613,1.2332993950198397,2.0845902725538012,6.3440429514813195,6.814305409661657,70
AlS,2,trans_y,0.035925925925925924,450,0.5222291807999999,0.342839723982395,0.17398400940118827,0.062287166258664595,11.927170780316649,18.168013185619962,35.8005120545516,0.6293359671176431,0.34479900340476566,1.1940197358203795,1.5223430261284956,3.624867244935486,10.73315104449627,70
AlS,2,trans_z,0.035925925925925924,450,0.1835965312,0.08901278918552273,0.023588272658226626,0.014443927096511183,7.86721132589197,16.2267997988545,61.2335091500383,0.6166125888772694,0.23564505589199355,1.3618852289484928,2.2678008723990306,7.109160383599254,6.505326096943477,70
AlS,2,rot_x,0.035925925925925924,450,0.4513756694444444,0.3174231632384097,0.1424812912404293,0.06068810247716738,13.445142612995205,19.118989886565355,42.59373420104649,0.6807031592710803,0.3476550831435568,1.1148078922100613,1.480172205844706,3.303789183480552,12.330334720785146,70
AlS,2,rot_y,0.035925925925925924,450,0.15911728331111114,0.042577410002501107,0.016051124929386675,0.0010768433222186902,0.6767607514472278,2.5291423836147704,6.7088339724226245,0.5622307451264537,0.2443858117659621,1.5645742209693052,3.3589514445723467,11.205799005286941,-0.8878134695220773,70
AlS,2,rot_z,0.035925925925925924,450,0.5025935795777777,0.24145202352712536,0.09983048280716131,0.039545060737511295,7.868198549359222,16.37802001401272,39.61221024433886,0.41153755520245267,0.1858594989843753,0.684197460126862,0.8054398875767915,2.0743574608993818,7.18400108923236,70
AlS,2,FD_Power2012,0.035925925925925924,450,1.028874562672183,,,0.022008040563892495,2.139040205905512,,,,,1.0281095860379754,1.2626200449154803,3.0271926084495173,1.1109306198675364,70
AnF,1,trans_x,0.04259259259259259,450,0.2771844272,0.037006356443848164,0.007009800561363141,0.0030887863562383266,1.1143433949157755,8.346637316011147,44.06382648406868,0.3877304024624079,0.07548946603121756,2.070922234844644,3.9659938355099853,14.334966281182002,-0.9565788399288686,70
AnF,1,trans_y,0.04259259259259259,450,0.5058138000000001,0.11269571622008764,0.0240184549810447,0.009993266727889472,1.975680918134197,8.867477010726168,41.60661764370827,0.19515923403084046,0.05030540698710418,0.5111704992075932,0.8107446667430465,2.5078336708044753,1.4645104189266038,70
AnF,1,trans_z,0.04259259259259259,450,0.2670603977777778,0.022343352253370908,0.005305393166185327,0.013952278025531228,5.224390490551499,62.444873389248336,262.9829230085726,0.40928707362509065,0.08967697458303472,1.8936362733442735,3.377020114033391,10.4381357353214,3.330754217207225,70
AnF,1,rot_x,0.04259259259259259,450,0.2795452048000002,0.13993283178322158,0.04053322896955064,0.00208057092647973,0.7442699394426272,1.4868354338050334,5.133000699358781,0.5591023032767871,0.18535010175104719,1.2760876710934577,1.444281628662516,3.4293910795171696,-0.5318177316508303,70
AnF,1,rot_y,0.04259259259259259,450,0.28444766331111115,0.04165172858739706,0.012110334778544889,0.006300557123216199,2.2150145477992704,15.126760249567687,52.026283653020855,0.31845738157222625,0.09733801137971006,2.4845764802119654,3.5196235275464622,9.06874239509315,-0.2695619324126951,70
AnF,1,rot_z,0.04259259259259259,450,0.4984069768,0.17706022246554393,0.05540272399388093,8.802471557201041e-05,0.01766121255708923,0.04971456284549744,0.15888156615139085,0.30999383126570834,0.1067212937481755,0.5889208235212255,0.8091031265768921,2.2955057974742923,-0.5712596109641364,70
AnF,1,FD_Power2012,0.04259259259259259,450,1.2407804142816956,,,0.008233953768259639,0.6636108753398066,,,,,0.8763318170778671,1.3657307551066817,3.889339248292388,-0.21272094173806055,70
AnF,2,trans_x,0.04111111111111111,450,0.8165223168,0.05084129535962311,0.00807474277011498,0.11206163931893898,13.724259216590095,220.41460298420236,1387.804447885134,0.4838685698563625,0.09757980203759334,2.3529539936335726,4.475116110814106,13.417781999769387,11.371305222956524,70
AnF,2,trans_y,0.04111111111111111,450,2.8137787178,0.10815741846298225,0.03648049206950904,0.3702909513029331,13.159917265720573,342.3629710889116,1015.0382582487916,0.28977857023944775,0.10631990899415358,2.4226531389093253,4.742554703379083,14.556831043442243,10.737264126811247,70
AnF,2,trans_z,0.04111111111111111,450,2.017531242777778,0.031454069812387325,0.00862190276648871,0.10204136702850519,5.057734168617511,324.4138759694588,1183.51331245715,0.233132407858075,0.0618037900269138,2.667804210770556,4.242521853344929,14.162759010333078,2.3899299578469555,70
AnF,2,rot_x,0.04111111111111111,450,7.434667763577777,0.6487067121184855,0.3884109021620257,0.90658900469725,12.194075559618192,139.7532949422701,233.40977291081964,0.14523707234588587,0.045147770604915434,3.5021356201204714,5.655184590176951,19.127891139197775,8.69193993949772,70
AnF,2,rot_y,0.04111111111111111,450,1.1092806046444443,0.04579730009343476,0.015369656929961702,0.09659387929902086,8.707794844207333,210.91610008003073,628.4712777857792,0.39334787740953847,0.14054842504934711,2.396877112425897,4.334005554398143,17.152245830533573,6.310917731781437,70
AnF,2,rot_z,0.04111111111111111,450,0.4481952673111111,0.10337729452750105,0.033630528797603684,0.010680495831917936,2.3830005827580854,10.331568339773726,31.758334506708575,0.4372013868985856,0.14193922410820595,1.6622001490564933,3.1930529013087807,8.945435139636102,0.7208004337015919,70
AnF,2,FD_Power2012,0.04111111111111111,450,1.0203709259680067,,,0.032012436135154476,3.137333230539167,,,,,1.4524412741735535,2.7982221864920493,9.1362429247209,1.6848919563656133,70
RoK,1,trans_x,0.049999999999999996,450,0.1834139353111111,0.04114612347445369,0.01034519070912708,0.006618651907694367,3.6085872627222417,16.08572411883145,63.97805602418754,0.4524948366990852,0.12059719977410559,2.1014868455100277,3.4337033435406688,10.579925541767699,1.5071004172122138,70
RoK,1,trans_y,0.049999999999999996,450,0.3320832427777778,0.13330835746724315,0.03870504842920465,0.000566430670751239,0.17056888086650038,0.4249025953908582,1.4634542359178195,0.49188465122911934,0.1742445675983937,1.0762058003228498,1.9636382380390167,6.513710442859385,-0.9056369194563495,70
RoK,1,trans_z,0.049999999999999996,450,0.15462368924444442,0.05034901769709415,0.0105485446345377,0.0033817679438591652,2.187095625763354,6.716651284448676,32.059094984408475,0.5109323984884887,0.13093161375710494,1.5918387790226827,2.967663499659405,9.990541817056242,0.5952568467406709,70
RoK,1,rot_x,0.049999999999999996,450,0.48281658757777784,0.23451861224814546,0.07081395670541873,0.005045203528438347,1.0449524018529304,2.151301971333511,7.124589223881461,0.48977257624124243,0.18873583327524895,1.245225819873942,1.4296764283036743,3.2115624515671364,-0.20027341802101184,70
RoK,1,rot_y,0.049999999999999996,450,0.16285676444444447,0.0861554737064247,0.019142150735811637,0.005227873244830983,3.210105065432743,6.0679525280599025,27.310793426417547,0.5239235584419915,0.1314707859771713,1.2047601997524457,1.5498047842571039,3.886410318440542,2.0053448656802972,70
RoK,1,rot_z,0.049999999999999996,450,0.29795139919999997,0.15803997008213722,0.061458475159178655,0.004150382511588335,1.3929729891291396,2.6261600210575087,6.753149180546317,0.5334484624025552,0.2538286136727124,1.1371801353849464,1.5118285641038298,4.0344261269507395,0.25579285374419325,70
RoK,1,FD_Power2012,0.049999999999999996,450,0.8404297738521403,,,0.002378325932004488,0.2829892521659894,,,,,0.8316799322583194,1.1554895956047089,3.8588221471024546,-0.5486906800923299,70
RoK,2,trans_x,0.047407407407407405,450,0.22426391611111113,0.07562977590736183,0.010737685280085611,0.0025082317226757245,1.1184285756577201,3.316460603754839,23.359147313877376,0.44294339399182514,0.05090827180884462,1.069332814318444,2.040690095095286,7.674389034694315,0.04909576133927621,70
RoK,2,trans_y,0.047407407407407405,450,1.4032256328,0.18525970907240755,0.04622202688138021,0.06467799387892326,4.609236915795546,34.91206706669516,139.9289434989657,0.39859832337723916,0.0515639294128992,2.6324564996012425,4.3924126124056855,14.513556999212751,1.9767804161943034,70
RoK,2,trans_z,0.047407407407407405,450,0.80581456,0.04645946473175869,0.008749777224789174,0.004196771532845478,0.5208110824958881,9.03318959242476,47.96432440537478,0.32917431526919916,0.057497855490467153,1.5498259771042082,4.005006973946874,13.145916586215225,-1.02901489460832,70
RoK,2,rot_x,0.047407407407407405,450,0.581440571111111,0.2231948301152633,0.03611818201470568,0.01011751058005983,1.740076472600742,4.533039844531747,28.01223654042288,0.5978202613443239,0.08310553993798467,1.7246446346007103,2.539079132439993,6.7489205088864495,0.015431838000031645,70
RoK,2,rot_y,0.047407407407407405,450,0.164762385,0.07309341825291041,0.022754582625827493,0.002246606455392375,1.3635432962398393,3.0736097846989394,9.873204410448617,0.5433513060188346,0.14853062576993897,1.331994324636123,1.8256422934973051,4.533831775358472,0.031548971603716225,70
RoK,2,rot_z,0.047407407407407405,450,0.3513897273111111,0.1480092686573566,0.05271334020619775,0.009457542402192154,2.6914680957131956,6.389831182860911,17.941459154736293,0.5062002991104853,0.18585950921743857,1.8869119560974341,2.595736780902229,6.711348375765365,0.8045561396157617,70
RoK,2,FD_Power2012,0.047407407407407405,450,0.6742526334972958,,,0.015311874181677898,2.270940211572686,,,,,1.2296507141526076,1.6748326740553505,4.41011350842906,1.0412894974200786,70
AlM,1,trans_x,0.04666666666666666,450,2.8006597116444443,0.0670585179518793,0.01373387986725622,0.037118091353855576,1.3253338561456722,55.35179196845843,270.26660865405614,0.43397519150764996,0.05883525700384806,2.7292796178652283,4.531937218552433,14.706681436506633,-1.403945761719556,70
AlM,1,trans_y,0.04666666666666666,450,8.755939971911111,0.5157249547887125,0.10914811652411187,0.15501213129316227,1.7703653952681062,30.0571321697375,142.0199781999157,0.49456944703596817,0.0744838046217456,2.6186328575015048,4.865883511934686,14.336759386612547,-0.8482674622333986,70
AlM,1,trans_z,0.04666666666666666,450,4.723814887911111,0.0865814304399738,0.016464112105253104,0.3341285385488977,7.073277562251187,385.91247205201387,2029.4355165517206,0.3008172845032627,0.042122656876489924,2.3105287947790356,5.31094180265623,16.981053686114713,4.762748767472152,70
AlM,1,rot_x,0.04666666666666666,450,14.055652455911112,1.5612593454650663,0.8207253125325732,3.5338688269378267,25.141976425659674,226.34732898173056,430.5787543012539,0.21875286801395347,0.051998264031162984,3.051560366421107,6.186870921721361,21.6149738419407,22.090416059238567,70
AlM,1,rot_y,0.04666666666666666,450,0.6507160111111111,0.04420186414016462,0.012854116710994718,0.07587014762070854,11.659486830692654,171.64467855953635,590.2400711502278,0.4078258944657584,0.056038255200475486,3.0467579705573797,5.363905493598105,17.01560365092478,8.612728860135274,70
AlM,1,rot_z,0.04666666666666666,450,1.0864124143111111,0.27422133853070263,0.07726705928574369,0.1614361322300838,14.859562547658264,58.870740364360415,208.93267289113706,0.4495673056574759,0.08727248723893156,3.1260539742983275,6.19369291605082,24.415619157123174,11.733508573359936,70
AlM,1,FD_Power2012,0.04666666666666666,450,2.1329451736131593,,,0.33431193385669533,15.673723731509645,,,,,2.0261277704920886,4.024415377786954,16.332402852332596,13.647595961017556,70
AlM,2,trans_x,0.04814814814814815,450,0.33173391111111117,0.20718407913121592,0.071615671975972,0.009094246531461403,2.741428062328958,4.389452398850465,12.698682118786293,0.6618692296225431,0.24046158474097065,1.3376129535830072,1.8798874294629742,5.7650003723858525,1.4038151087459507,70
AlM,2,trans_y,0.04814814814814815,450,4.40571252,3.340869421483772,1.018016678857131,0.11619108517739019,2.637282497437899,3.4778696955413038,11.413475593330284,0.7342718914110671,0.238975418120312,1.1805413211512432,1.4146205169209456,3.763979906085474,1.4567411762866558,70
AlM,2,trans_z,0.04814814814814815,450,0.4838978113111111,0.2228112100766002,0.07111246170252428,0.002065718076456613,0.4268913866048686,0.9271158644784705,2.904860873889964,0.5220690902155612,0.16862109771961145,1.813092659166847,2.4182423582631816,5.504594606783338,-1.3862012725619783,70
AlM,2,rot_x,0.04814814814814815,450,2.2303041395777776,1.4237613722108198,0.3847533901805746,0.04026901179770315,1.8055390331350296,2.8283540053606973,10.466187647834337,0.5776401632394098,0.17517336317462695,1.0663741407408338,1.1154446014951989,2.4345518425424393,0.7391648923941958,70
AlM,2,rot_y,0.04814814814814815,450,0.2546291796444444,0.1379289048498148,0.024019318778732115,0.004164035195335258,1.6353330757887907,3.018972129061206,17.336191894927094,0.5962811723232997,0.11880235822808487,1.3888619797089663,1.8070430153000632,4.28662267537675,0.24647109607982448,70
AlM,2,rot_z,0.04814814814814815,450,0.6370196427777779,0.3686903577754048,0.09766685175924827,0.0062924311892412765,0.9877923327140431,1.7066980615409633,6.442750099852003,0.5391540144374154,0.1823219493249875,0.7805936778827341,0.9287956941516509,2.206657004719938,0.20719865483130898,70
AlM,2,FD_Power2012,0.04814814814814815,450,5.747080606842773,,,0.06555625075144356,1.1406878593870577,,,,,1.5968766847749634,1.797464734201223,4.200629679632483,-0.4561888253879055,70
ErG,1,trans_x,0.05222222222222222,450,0.25238982097777773,0.10789593908434936,0.019072281959482795,0.0008878758827646771,0.3517875163605953,0.822900185400459,4.655320661947442,0.5158290677551584,0.1320570976395335,1.737646385274811,2.636907173594176,7.661536542146721,-1.3858588689142157,71
ErG,1,trans_y,0.05222222222222222,450,3.331473156111111,1.8857002517622314,0.5114168980749285,0.05247140170206199,1.5750209965165323,2.782595041445544,10.26000546708066,0.4878027816008051,0.1705900630332863,0.7346934675084574,0.957342557397161,2.4255872922437005,0.840327529008075,71
ErG,1,trans_z,0.05222222222222222,450,0.20819460480000002,0.05710142308951611,0.01299998908609999,0.012433058383845369,5.971844657448764,21.77364014965871,95.63899093684009,0.4683966033602694,0.14197182270076636,1.5357092418580505,2.4565501146782256,9.07866934582206,4.436135415590713,71
ErG,1,rot_x,0.05222222222222222,450,5.0550909248,2.256036554046479,0.7002908178014062,0.105121063797184,2.079508862668835,4.659546123427675,15.011058423872555,0.39204211240483017,0.16410915264846485,0.5377332868050805,0.7248988204263562,1.944432895407847,1.5417755758637548,71
ErG,1,rot_y,0.05222222222222222,450,0.0762033,0.034478954975546226,0.0061346228603564945,0.0005839788785989147,0.7663432930055716,1.693725575537584,9.51939331711385,0.5568330084876844,0.14508842173981104,1.3405737732791323,1.9596151443129501,5.923246073945858,-0.5742304802735607,71
ErG,1,rot_z,0.05222222222222222,450,1.9474614641999999,0.89735461471528,0.22164543070487164,0.04259227762217921,2.1870665173688426,4.746426543501226,19.216402290238168,0.3625695532463988,0.11978921190919217,0.4528124887572959,0.5450745426066333,1.2754062824471437,1.7342540286115469,71
ErG,1,FD_Power2012,0.05222222222222222,450,14.789486464353182,,,0.19333102503581934,1.3072193243612713,,,,,1.1269998522326423,1.3754073406086393,2.9467767537716454,0.18021947212862893,71
SiC,1,trans_x,0.048888888888888885,450,0.2208013802,0.05136400509601774,0.007214499224451281,0.0007333856627352309,0.3321472275539838,1.4278202436984229,10.165441008707164,0.41884806304584804,0.06309824490208443,1.8809701512136172,3.6250412758715234,12.483889930453431,-1.5488229236596334,70
SiC,1,trans_y,0.048888888888888885,450,0.41651015611111114,0.24425596932441976,0.0638911009484429,9.502884271178624e-05,0.022815492327739467,0.03890543308915793,0.14873564753324572,0.5875616285616236,0.20605536849555203,1.1256348718945461,1.5636259792136569,4.5138990359390725,-1.1028193795668066,70
SiC,1,trans_z,0.048888888888888885,450,0.22796237664444446,0.03528998100033157,0.0067888812965367,0.0017274846794553267,0.7577937661834894,4.895113656873592,25.445792966458125,0.43611508986325437,0.10197681270512911,2.7211948921428677,4.3968280107138495,15.770782558048726,-1.9634011259593784,70
SiC,1,rot_x,0.048888888888888885,450,0.30201170764444446,0.13909910275927373,0.04106676615370872,0.0038585656410410896,1.2776212124808561,2.7739687492584055,9.395835130038902,0.5571644664423264,0.1867141758451768,1.7479148816343382,2.2716737277349757,6.085891513430567,-0.47029366915348203,70
SiC,1,rot_y,0.048888888888888885,450,0.3495056409777778,0.04353356975652437,0.005906748818933823,0.0018999155617404062,0.5436008289952625,4.364254005279836,32.16516598183946,0.4130071970637365,0.06807394094827696,2.633078517512026,4.0918919191515535,12.06313930172749,-2.0894776885167636,70
SiC,1,rot_z,0.048888888888888885,450,0.5091732244444445,0.23992237922128076,0.06183650722329696,0.0070619395197606405,1.386942435448344,2.9434267627228734,11.420340243764688,0.41199574850659515,0.1594135992104667,0.9841977649977782,1.2791995562984502,2.964188455400574,0.4027446704505657,70
SiC,1,FD_Power2012,0.048888888888888885,450,0.7539866423788756,,,0.027136261711333876,3.5990374611567724,,,,,1.1827648824394064,1.5818033997943322,4.590346180771158,2.4162725787173662,70
SiC,2,trans_x,0.04703703703703704,450,0.25222888720000003,0.07436393300367984,0.015833098745319553,0.010198792981256144,4.043467461032411,13.714703579155053,64.41438372429165,0.5153303121124695,0.10965033355398025,1.5296147665811577,2.9832813735927886,7.388417735571704,2.5138526944512534,70
SiC,2,trans_y,0.04703703703703704,450,0.3394877922,0.19548740656288033,0.05200580556921362,0.0056202619877989135,1.6555122501983484,2.874999513583042,10.806989577959722,0.5520465821680971,0.13927609428046675,1.4316414424234862,1.705494127065624,4.672498635325569,0.22387080777486223,70
SiC,2,trans_z,0.04703703703703704,450,0.32527126,0.060498344575714985,0.006570436259866325,0.0017437490498395936,0.5360907231212476,2.8823087012856257,26.53931916957779,0.4456990593377094,0.05731247027311665,2.671940733316643,4.2673515492351,12.977035741834865,-2.1358500101953957,70
SiC,2,rot_x,0.04703703703703704,450,0.4261147232000001,0.23569060943436249,0.04119210332951882,0.002200934739955973,0.5165122489614019,0.9338236874341451,5.343098705956958,0.5908714164284036,0.14626032795296,2.4713264101217978,3.656333050375423,12.223141046092746,-1.954814161160396,70
SiC,2,rot_y,0.04703703703703704,450,0.34518282499999997,0.06256896814701214,0.0078060689724523714,0.006198144745339251,1.7956121499785662,9.906100306426792,79.40161388802113,0.2884970317699643,0.0607226830909304,2.6657941884238894,5.432259513894096,16.49321383956675,-0.8701820384453232,70
SiC,2,rot_z,0.04703703703703704,450,0.3587813432000001,0.1298871331051112,0.033256473317187715,0.002274454153862404,0.6339388033882591,1.7511004358082192,6.839132135778551,0.3937829540454427,0.08922363926895087,1.5412776056915451,2.32186757813162,6.573753567312608,-0.9073388023032859,70
SiC,2,FD_Power2012,0.04703703703703704,450,0.6464723376242514,,,0.00011388304122617043,0.017616073356624053,,,,,0.9398113814609895,1.0773714508184464,2.4540748442957576,-0.9221953081043655,70
AzN,1,trans_x,0.044814814814814814,450,0.13741461724444443,0.0557720045806781,0.009812362882714695,0.0011833630524670236,0.8611624266739833,2.1217868379738913,12.05991937529764,0.618331008635991,0.1678335207145735,1.8865393287117505,3.057904007109517,8.178633785954979,-1.0253769020377672,70
AzN,1,trans_y,0.044814814814814814,450,0.3351134450000002,0.14038361641477326,0.04812936474281025,0.028239191176273104,8.426755654722564,20.115731377683296,58.673517357179705,0.5494790656381626,0.21938429531732193,1.882380245581717,2.9977115422922,7.792163405937218,6.544375409140846,70
AzN,1,trans_z,0.044814814814814814,450,0.11907714524444445,0.03434895971530209,0.008052691659813035,0.002308589187258875,1.9387340723694266,6.720987204251265,28.66854071639041,0.5065098135077398,0.16729840056666231,2.742861638014789,4.153782520986827,12.51448165506894,-0.8041275656453625,70
AzN,1,rot_x,0.044814814814814814,450,0.43934129397777794,0.18837346711662223,0.054938098226058316,0.0006482090347297853,0.14754111293771807,0.3441084589309376,1.179889831756728,0.3682579831938137,0.1280287362254159,0.7006676142491256,0.8242655281541669,2.018820574412756,-0.5531265013114076,70
AzN,1,rot_y,0.044814814814814814,450,0.13655934224444446,0.07174740867917839,0.008374433605450728,0.006750425396603532,4.943217568022633,9.40859819312548,80.6075457116268,0.5907013305518465,0.11600994872978354,1.0952344146185011,2.326343792095126,9.78271771902044,3.847983153404132,70
AzN,1,rot_z,0.044814814814814814,450,0.32830722079999985,0.19745463821613038,0.05943149464724349,0.0018631519482004144,0.5675025799494737,0.9435847975174131,3.134957246589843,0.586949846763439,0.2192132073349675,0.9456611478187568,1.2484455199494344,3.179924443107725,-0.3781585678692831,70
AzN,1,FD_Power2012,0.044814814814814814,450,0.6366929461895425,,,0.00445048158741812,0.6989996691581406,,,,,0.7552168378756927,0.9677301903186745,2.5764422054367797,-0.05621716871755207,70
AzN,2,trans_x,0.04518518518518518,450,0.1475914368,0.05964261186775854,0.008237868640893467,0.006330169734366231,4.288981713040842,10.6135018841926,76.8423242747856,0.4862111460119611,0.10699782665577144,1.6672390760813245,2.6116228563052495,7.814012426894553,2.6217426369595174,70
AzN,2,trans_y,0.04518518518518518,450,0.2863899778,0.15585401100534746,0.031858031604251505,0.002014124951830898,0.703280529333837,1.2923151215927269,6.322188943908605,0.5395708024176147,0.1375534605595511,0.9910101477309468,1.6097751674818497,5.2178417996620725,-0.28772961839710975,70
AzN,2,trans_z,0.04518518518518518,450,0.2669288732444444,0.02233547910695444,0.005078074880723703,0.0017786641851826879,0.6663438703964585,7.963402874258819,35.02634811342524,0.337476282199282,0.08259878979159116,2.0289869407059653,4.223743928172491,12.698659810117224,-1.3626430703095067,70
AzN,2,rot_x,0.04518518518518518,450,0.4444603825777777,0.17459302288249137,0.046208540393877215,0.0007976027775485894,0.17945418957763104,0.45683542468097965,1.726093857866747,0.3471092189840861,0.14264408818103633,0.6666202934865648,0.7957131009239912,1.922989182854971,-0.4871661039089337,70
AzN,2,rot_y,0.04518518518518518,450,0.3479178663111111,0.03489270890618387,0.0063008513921580765,0.02648957209849334,7.6137429731205994,75.91721287595048,420.4125831544253,0.3688253802846158,0.068709645568598,2.0494299886575424,4.134986094274659,15.51426906179299,5.564312984463057,70
AzN,2,rot_z,0.04518518518518518,450,0.3421313302444444,0.17876457652313069,0.04263276919565656,0.00016810238468301097,0.04913387632839879,0.09403562380898203,0.3943032269649922,0.5280661912711115,0.14881597170211508,0.8105964230459747,0.9956407579839757,2.6756802765340817,-0.7614625467175758,70
AzN,2,FD_Power2012,0.04518518518518518,450,0.6639077362829218,,,0.0023033541441199734,0.34693889199363204,,,,,0.6185843315160827,0.8096356863810057,2.2249795346714687,-0.2716454395224506,70
TzS,1,trans_x,0.05296296296296296,450,0.373641685,0.2451014781799289,0.05492501306575755,0.006242185566823599,1.6706341442667458,2.546775977516224,11.364923226054229,0.6777037057168914,0.21684843382703722,1.5496069623203526,2.0849493774550436,5.797954355473798,0.12102718194639331,70
TzS,1,trans_y,0.05296296296296296,450,0.5695802098,0.2881903571029554,0.06181016860065617,0.005954006504690468,1.045332404856751,2.0659978232940706,9.632729758687733,0.6031644699518295,0.1702496178536928,1.3264717649927555,2.1229291621432154,6.424858180942861,-0.28113936013600455,70
TzS,1,trans_z,0.05296296296296296,450,0.41910586064444444,0.12155550629838971,0.02890650927970681,0.01975752362431682,4.714208384949894,16.253910847787363,68.34973892260025,0.4965101101757237,0.16928557918797812,1.91314803197304,2.8311846517718666,8.856173897655601,2.8010603529768545,70
TzS,1,rot_x,0.05296296296296296,450,1.132028913977778,0.5516931992741599,0.10911540354123267,0.0032207170407987373,0.2845083726246555,0.5837877003080884,2.9516612103090365,0.439210498328528,0.10112654608092105,0.5099697833599867,0.600041708800018,1.4070101895709108,-0.22546141073533113,70
TzS,1,rot_y,0.05296296296296296,450,0.3079932752,0.13426953553766804,0.029805517280071886,0.0012945952892846058,0.4203323233093128,0.9641764858279556,4.3434753274695845,0.5401814047629997,0.15036747387335847,1.74102904283039,2.9205225882241854,7.84629902175661,-1.3206967195210773,70
TzS,1,rot_z,0.05296296296296296,450,0.4615343272,0.2534038586045557,0.0679134084411015,0.007366485802142275,1.5960862211122386,2.9070140615490376,10.846879830116206,0.5523477862459587,0.20325946236992426,1.073832563891016,1.4577315491605993,3.812581987210421,0.5222536572212225,70
TzS,1,FD_Power2012,0.05296296296296296,450,2.0651864539973563,,,0.010826774389053107,0.5242516659014927,,,,,1.2230327125467766,1.6540496878901787,4.658815608833857,-0.6987810466452837,70
TzS,2,trans_x,0.04777777777777777,450,0.9290530408000001,0.5049882642573611,0.14014811596116403,0.006745363020763784,0.7260471388108699,1.3357464911949106,4.813024402435041,0.6615118229725786,0.2347548448058118,0.7432618422532034,0.8662535462931633,2.27109312805306,-0.017214703442333494,70
TzS,2,trans_y,0.04777777777777777,450,0.8885056928,0.49200521503712874,0.13458679882560048,0.027424191393150443,3.086552130772171,5.573963558715715,20.37658346320214,0.5508332013352485,0.18383101404454374,1.091675372327332,1.5544467456059772,3.743744120232799,1.9948767584448392,70
TzS,2,trans_z,0.04777777777777777,450,0.3513299928,0.1770173062509464,0.0443176964466496,0.036571913958207414,10.409562151736512,20.660078233459103,82.52214553216525,0.5504499448831593,0.16062555351746266,2.153425933198715,3.3005693465926598,8.61601652371929,8.256136218537797,70
TzS,2,rot_x,0.04777777777777777,450,0.8965603017999999,0.4740938029343402,0.12939481961850074,0.014498707819716738,1.6171480926166455,3.0581939122551116,11.205014128435577,0.5648505940837031,0.1975321097971112,0.7015022790208738,0.781620025768812,2.067564520346486,0.9156458135957717,70
TzS,2,rot_y,0.04777777777777777,450,0.3590268752,0.20679928045153725,0.052714308890685416,0.006290291336917608,1.7520391289408435,3.0417375356350513,11.932796747770887,0.6420140643811002,0.17550559375139568,1.3480643709069355,1.7607704793492063,4.1797090405879835,0.40397475803390787,70
TzS,2,rot_z,0.04777777777777777,450,0.6937029892444444,0.45369421721079356,0.1635295680093277,0.008877227152422451,1.2796870260125588,1.956654243247264,5.428515014432189,0.6248837838553166,0.23703916087508606,1.2245937550469796,1.6223424283073231,4.130769460107799,0.05509327096557912,70
TzS,2,FD_Power2012,0.04777777777777777,450,5.26203202084089,,,0.5355627095672633,10.1778686911464,,,,,1.1980604917796962,1.582815116824828,4.822910993702426,8.979808199366705,70
NoL,1,trans_x,0.05074074074074074,450,0.2566822472,0.11269727714512523,0.01589760159800492,2.4019369727679152e-05,0.009357627958182825,0.021313176623378713,0.15108800896541197,0.5798977724337314,0.11341896087170118,0.9829114202941336,1.5811815578280541,6.595563780792453,-0.9735537923359507,70
NoL,1,trans_y,0.05074074074074074,450,0.7834702209777777,0.4705171086316906,0.1461902398552732,0.013628336791673634,1.7394837004353976,2.8964593511394643,9.322330139936525,0.6390687947637356,0.24017983183390065,1.4421681789104277,1.8314364233242422,4.478292033325493,0.2973155215249698,70
NoL,1,trans_z,0.05074074074074074,450,0.42998694719999997,0.19640546141891485,0.034890499407904015,0.0003851625516115842,0.08957540551398027,0.1961058255860145,1.1039181385988712,0.6146782505196449,0.16330430953775796,1.5379379882978903,2.3649451029214568,7.234918706615066,-1.4483625827839102,70
NoL,1,rot_x,0.05074074074074074,450,1.0669193932444445,0.5099731175684616,0.14470914739036922,0.013140005966486346,1.231583758781279,2.576607572794728,9.080287047120594,0.44069760985183354,0.16610679280012844,0.9362825116197506,1.078352540908638,2.3253107234637005,0.29530124716152845,70
NoL,1,rot_y,0.05074074074074074,450,0.3329975242,0.16718633232361613,0.030787662762043345,0.0179282629536458,5.383902777270499,10.723521895882467,58.23197133284411,0.6084232620762878,0.16570734382042648,1.840629759256471,2.488269962181264,7.665721244049488,3.5432730180140273,70
NoL,1,rot_z,0.05074074074074074,450,0.4698497232,0.25830083486893085,0.05942477068523602,0.002326141575851426,0.4950820360196875,0.9005551906294752,3.914430882994306,0.49187616879522844,0.15447560449697534,0.6105655563241807,0.8489999799444852,2.4078209846870173,-0.11548352030449333,70
NoL,1,FD_Power2012,0.05074074074074074,450,2.343351144801823,,,0.031035996933788113,1.324427924625561,,,,,1.121040186693378,1.4768365211199044,3.426631793369544,0.20338773793218307,70
NoL,2,trans_x,0.05037037037037037,450,0.3128229942444445,0.167280757264863,0.05054778389009448,0.010277342552718949,3.2853539355511963,6.143768548612187,20.331934976743725,0.6532705033132163,0.25191248898602775,1.7255298911897512,2.247792820006737,6.143606041902356,1.559824044361445,70
NoL,2,trans_y,0.05037037037037037,450,0.8906906057999999,0.494702997433408,0.16432041502161832,0.0012869484498279071,0.14448883163778253,0.2601456745774303,0.783194498175162,0.5439328017850955,0.2361658410237265,1.0341020982702676,1.257493447488039,2.9423602044996726,-0.8896132666324851,70
NoL,2,trans_z,0.05037037037037037,450,0.5453801606444445,0.3017458614996905,0.07823731465217239,0.016632002480585273,3.0496163375162357,5.511923974010272,21.258401511513863,0.6626782643298763,0.24969932906185116,1.7833881647864485,2.6816633775287135,7.650833682108482,1.2662281727297875,70
NoL,2,rot_x,0.05037037037037037,450,0.9712928922,0.5422187781871073,0.16850109317633996,0.008200882040725999,0.8443263722594343,1.5124673601577225,4.866960733687111,0.5243613804740505,0.209507882925794,0.7558119862962607,0.9320202051630561,1.9770784772454544,0.08851438596317371,70
NoL,2,rot_y,0.05037037037037037,450,0.2536921032,0.16640959542043637,0.0451585388400475,0.007220934681782504,2.846337978478513,4.339253793351701,15.990186722735222,0.6606515335803249,0.2232624445993697,2.0511592622112915,2.304599805298322,5.968592128046731,0.7951787162672215,70
NoL,2,rot_z,0.05037037037037037,450,0.3338521382444445,0.2035126069238397,0.045969303207632116,0.002041846901890021,0.6116021639480989,1.0033024158813606,4.441761696207352,0.5735075892799295,0.18485603342519016,0.8947679281990997,1.0291784768026713,2.5853558366277047,-0.2831657642510008,70
NoL,2,FD_Power2012,0.05037037037037037,450,1.6183709167139737,,,0.0021666164739040372,0.13387638467349935,,,,,1.1208403282210195,1.3400159145312787,3.3436064920887762,-0.98696394354752,70
OmS,1,trans_x,0.04777777777777777,450,0.1180110694444443,0.0315826268760325,0.009003333533464539,0.0066246328426129986,5.613569026871379,20.975559976742517,73.5797781787142,0.568350501388986,0.18373244201975372,2.9647381161358726,4.311844558237808,14.52894709689144,2.6488309107355064,70
OmS,1,trans_y,0.04777777777777777,450,0.3456333562,0.1712161192547858,0.03774586203293588,0.002407659971988496,0.696593638547811,1.4062110404486332,6.37860640164383,0.5068293372325283,0.13753971094499548,1.589571944818396,1.9781952330496324,5.118118769515997,-0.8929783062705852,70
OmS,1,trans_z,0.04777777777777777,450,0.24272867219999997,0.03590188693891104,0.0065328509992189174,0.013809656254152008,5.689338687921191,38.46498730735203,211.38789566458996,0.4215277379590843,0.08372706220115496,2.6255933095717383,4.432433013054457,15.486507212466789,3.063745378349453,70
OmS,1,rot_x,0.04777777777777777,450,0.35045875279999994,0.16425962232763916,0.04696174090793247,0.0010161819048002396,0.28995763315409473,0.6186437606518541,2.163850583802767,0.44060396819198366,0.14628011661669457,0.8909393367598358,1.1282748555888584,3.787733104006472,-0.600981703605741,70
OmS,1,rot_y,0.04777777777777777,450,0.15968006277777766,0.03836029932395048,0.0082778150594282,0.003232219406933551,2.0241847045311734,8.425949390117234,39.0467699958112,0.38447644832133465,0.09408991224917808,1.8007634616292887,3.445809136024796,10.459050815206819,0.22342124290188475,70
OmS,1,rot_z,0.04777777777777777,450,0.2641334768,0.1498434624839015,0.04292521989514113,0.0025321694540275663,0.9586703982793167,1.6898764964801922,5.89902500258174,0.5379063982761592,0.19971547068570988,0.9360949204289984,1.1054821846648533,2.668205375769318,0.022575477850318194,70
OmS,1,FD_Power2012,0.04777777777777777,450,0.6794661907569884,,,0.008272055049804883,1.2174343863362862,,,,,1.0430604747183843,1.2524449220992324,3.201212872945458,0.17437391161790206,70
OmS,2,trans_x,0.04814814814814815,450,0.1190834778,0.030910624049673836,0.006012148427309521,0.00110638411351624,0.9290828030521627,3.5793004752613995,18.402475036887182,0.47899548303209855,0.11252054490141841,1.5982856781184638,3.2015279294553602,7.954377484900811,-0.669202875066301,70
OmS,2,trans_y,0.04814814814814815,450,0.7332536177777779,0.2090889194313195,0.04867859577126521,0.008346853277438337,1.1383310051349738,3.992011293635324,17.14686536287773,0.4275526146123414,0.1152165887297931,1.0618725001712217,2.117745174877815,6.821078426848643,0.07645850496375214,70
OmS,2,trans_z,0.04814814814814815,450,0.5295357542444445,0.06872745257311987,0.011407499701104358,0.00842873829265367,1.5917222255709653,12.264005105799965,73.88769242604218,0.362886256658853,0.06400629854506232,2.3898624586132935,3.8156167184485863,13.324631095565346,-0.7981402330423281,70
OmS,2,rot_x,0.04814814814814815,450,0.7526051602,0.2489241462414545,0.07427531480638912,0.005198523067889149,0.6907371013118851,2.0883964638957213,6.9989916319304175,0.4647549863894901,0.11482351655537812,2.708960239838366,4.391898149446565,13.07221903816081,-2.018223138526481,70
OmS,2,rot_y,0.04814814814814815,450,0.1832644111111111,0.041100118739869726,0.006018640887077254,0.011165366981824049,6.092490579119922,27.16626453682951,185.51309492143707,0.46907009477086464,0.09716457486383459,2.7173470249194454,3.6847233888715394,10.987741139144404,3.375143554200477,70
OmS,2,rot_z,0.04814814814814815,450,0.43909407611111106,0.20578629936110696,0.06454494150245113,0.004335906046130877,0.9874663043811353,2.1069945179014926,6.717654312175989,0.4610348174314876,0.17795259874801697,0.7965053189730305,1.0892509010811997,2.6793776280598918,0.19096098540810486,70
OmS,2,FD_Power2012,0.04814814814814815,450,1.0175646518340478,,,0.014849810650426676,1.4593481233513304,,,,,1.029363489822646,1.3552739442373256,3.600522444518376,0.4299846335286843,70
YoY,1,trans_x,0.04777777777777777,450,0.1721993409111111,0.03149770262630035,0.00637800237773762,0.0012205780146128387,0.7088168910256736,3.8751334632058687,19.13730886763635,0.477179271942002,0.10902554233448228,1.75406103448087,3.0651681760992218,8.457097690452484,-1.0452441434551965,71
YoY,1,trans_y,0.04777777777777777,450,0.7654062849111112,0.3991103470171268,0.1171100466810143,0.044642150280029824,5.832477621373888,11.1854154154801,38.119829634793525,0.5530279810422766,0.17404730459700304,1.0397050470078644,1.5674772925239757,5.294109393098104,4.792772574366023,71
YoY,1,trans_z,0.04777777777777777,450,0.2533783844444445,0.09293549966309597,0.01976322414403131,0.006542282052245774,2.582020588137513,7.039594208846404,33.10331353106476,0.48947845245837457,0.12733290176342604,1.2831305883965252,3.2014267304699335,10.546879346102457,1.2988899997409877,71
YoY,1,rot_x,0.04777777777777777,450,0.643401404911111,0.29654227373575687,0.09642330524458428,0.02355346503068456,3.660773018352142,7.942700625433459,24.427149609671222,0.47352711325321684,0.19280329120288606,0.6452895541456297,1.2243775340287664,3.361994868965216,3.015483464206512,71
YoY,1,rot_y,0.04777777777777777,450,0.16966374497777778,0.04717443178952774,0.010962267604302117,0.0010950587867916972,0.6454288669244722,2.321297247791736,9.989345510612639,0.4101559730920081,0.09449812721170725,2.180241846053035,3.6367002694046704,11.360803077723522,-1.534812979128563,71
YoY,1,rot_z,0.04777777777777777,450,0.4757010359111111,0.28553848739827636,0.08590906145303628,0.03960732662977018,8.326096358800267,13.87109912595596,46.1037822551725,0.558757246123053,0.22132425628827312,1.0820057950441746,1.4364603929142792,3.393667875191073,7.244090563756093,71
YoY,1,FD_Power2012,0.04777777777777777,450,1.7350616209524317,,,0.0777852642906951,4.483141310450764,,,,,1.3326062256676767,1.909898685460735,5.300216603269549,3.1505350847830864,71
RoL,1,trans_x,0.044814814814814814,450,0.20636594357777777,0.1141470394328784,0.026423886481069542,0.0017137003609641877,0.8304182033399842,1.5013095122558047,6.485421295583856,0.5790999498620609,0.17304812943173542,1.4873585779656728,1.8757573934019671,4.430999612786143,-0.6569403746256886,70
RoL,1,trans_y,0.044814814814814814,450,0.4989993689111111,0.19038612369570984,0.04995043095796334,0.006492725133880994,1.3011489669914937,3.410293254490638,12.99833656959849,0.4936437852809593,0.1470318843150872,1.2900347958334577,1.845210722045449,5.619314766341908,0.011114171158035924,70
RoL,1,trans_z,0.044814814814814814,450,0.36119104944444447,0.07556045833088745,0.019149681119439037,0.015576571869563238,4.312557549120304,20.614713321816737,81.34115535611348,0.37322693316901523,0.1137093707352532,1.4008795644474084,2.6881927467266453,9.4961147797984,2.9116779846728953,70
RoL,1,rot_x,0.044814814814814814,450,2.1821625808,0.7744845165540637,0.14207807315493684,0.01643554013496029,0.7531767009282543,2.122126367107688,11.567963845509963,0.30773770780724596,0.07618839687180912,0.3637405467668037,0.4484349847699369,0.9056746683371611,0.38943615416145055,70
RoL,1,rot_y,0.044814814814814814,450,0.35172033457777774,0.1916383535787873,0.04206178178163687,0.004365978068073817,1.2413209129108074,2.278238143117241,10.379917072319305,0.5423159377241893,0.1635855335386136,1.5955444711331381,2.1533066537219057,5.676327723438074,-0.3542235582223307,70
RoL,1,rot_z,0.044814814814814814,450,0.6689011585777778,0.33575258245749706,0.06928101336735856,0.008010606835501255,1.1975770609417784,2.3858660376842575,11.562485082349296,0.5007316130269415,0.14381680364439814,0.4463122661273952,0.5732153091961009,1.3724210178758598,0.7512647948143831,70
RoL,1,FD_Power2012,0.044814814814814814,450,3.302024614928374,,,0.21346582648630763,6.464695190981732,,,,,0.7907437617820704,1.11012558236255,3.322575925508717,5.673951429199661,70
RoL,2,trans_x,0.047407407407407405,450,0.49134814944444444,0.5555149064833373,0.10376169712828137,0.0016679241747386553,0.3394587273045675,0.30024832012112435,1.6074565286616198,0.5775600100859297,0.13414557718398118,1.1091485704391548,1.3479025447570634,3.5796436731262373,-0.7696898431345873,70
RoL,2,trans_y,0.047407407407407405,450,2.39832278,1.654128301076716,0.42111242285009476,0.020651325608979754,0.8610736545220053,1.2484718141595943,4.9039934441285995,0.5089043056710281,0.14915746257641144,1.1545078875161885,1.33294157621394,2.9593977484459977,-0.29343423299418303,70
RoL,2,trans_z,0.047407407407407405,450,0.6595165827777778,0.5026763939994646,0.1308596770129205,0.007824209739549781,1.186355270491527,1.5565102783716784,5.979083792769298,0.5963958413775582,0.15268147564017512,1.6980065148155317,2.4546100271298354,6.075122754977648,-0.5116512443240048,70
RoL,2,rot_x,0.047407407407407405,450,4.256158646577778,2.2033593841299917,0.5676450243968151,0.08572114873274916,2.0140496595838697,3.890475124038679,15.101189132034984,0.4185963197244697,0.11261765098084323,0.6240424317171804,0.778684063451601,1.7388664595845413,1.390007227866689,70
RoL,2,rot_y,0.047407407407407405,450,0.8929511782444445,0.6622549008019907,0.17808552228232777,0.006541563656667138,0.73257797470271,0.98777127186908,3.673270894136175,0.6160763445428907,0.14607023582309023,1.1999086643220769,1.5347573021181389,4.0285801963172085,-0.4673306896193669,70
RoL,2,rot_z,0.047407407407407405,450,0.8454726582444443,0.4895250192295788,0.12299286005545612,0.0034758758847306392,0.4111162970010189,0.7100507120557434,2.8260794026282543,0.48103450490003724,0.1194972840163649,1.0152087267968894,1.207008673476446,2.9548453688771885,-0.6040924297958705,70
RoL,2,FD_Power2012,0.047407407407407405,450,13.264432680165177,,,0.34718030019260127,2.6173776788188876,,,,,1.676233107885707,2.121419993346346,5.098248609001713,0.9411445709331806,70
NeI,1,trans_x,0.04037037037037037,450,0.32508316179999996,0.1407281325357464,0.03624834159634306,0.0003181577299969929,0.09786964302775307,0.22607969299683384,0.877716651260786,0.648858970790635,0.22315104118979537,1.4000187208690735,2.6518404228681955,8.881576948047442,-1.3021490778413205,70
NeI,1,trans_y,0.04037037037037037,450,0.35991056497777774,0.1767046967965132,0.05513172598428368,0.0006977753543692677,0.19387465172420018,0.39488217745157095,1.2656512052029378,0.5849268780061846,0.22597615587003506,1.9164167249314492,2.8057129277087345,7.555869760936031,-1.7225420732072492,70
NeI,1,trans_z,0.04037037037037037,450,0.32859590944444445,0.1391019275966946,0.045367785957757645,0.012737235491198817,3.8762611234977338,9.15676418814881,28.075506049730027,0.5267040300365408,0.18360229493694116,2.208180992712437,3.828497629283678,12.042635198569148,1.6680801307852968,70
NeI,1,rot_x,0.04037037037037037,450,0.5764585872,0.2298486998116663,0.04497148797955361,0.0028852489898892886,0.5005127955337862,1.2552818407297528,6.415729431058794,0.3961679503407844,0.09929016286222024,0.5496790004038432,0.8425815838499334,2.5231891134967652,-0.04916620487005691,70
NeI,1,rot_y,0.04037037037037037,450,0.2343390599111111,0.10827765300780766,0.024545812298554792,0.0017564613254147377,0.7495384363498745,1.6221826726222843,7.155849250579312,0.582070211280573,0.16391624471612296,1.767010568786699,2.851196433740153,8.619008294950564,-1.0174721324368246,70
NeI,1,rot_z,0.04037037037037037,450,0.3697041362,0.19658656943197406,0.062247190509478835,0.0013780478442836364,0.37274342084670364,0.7009877878562247,2.213831392235752,0.511272946438412,0.19278980911795282,1.1719403597047489,1.4505428866565688,3.7352022236631117,-0.7991969388580452,70
NeI,1,FD_Power2012,0.04037037037037037,450,1.0513020869755834,,,0.002650780520350171,0.25214260993013093,,,,,2.1096000194464817,2.322581761643225,5.2103516631535225,-1.8574574095163505,70
NeI,2,trans_x,0.049999999999999996,450,0.1581183179777778,0.046603717021211535,0.008231035804160652,0.0021943112919625696,1.3877653898841509,4.708446948478027,26.65899340218374,0.4507981204385601,0.09946650879523802,1.9580862389547316,3.589456971953716,11.118388416412254,-0.5703208490705807,70
NeI,2,trans_y,0.049999999999999996,450,1.7765285649777776,0.1898829848686121,0.04860221695010548,0.20854514672327062,11.738913228557026,109.82824336133731,429.08566688914806,0.5677545716439201,0.17169896727523873,2.1797230818719084,3.950737090198095,11.583404027978437,9.559190146685118,70
NeI,2,trans_z,0.049999999999999996,450,0.2832243648,0.050171719283709115,0.010806724204251744,0.043056886429371666,15.202394913932087,85.81903718685668,398.4268092307896,0.4821382305565233,0.11803486205667436,1.741746229483401,3.1577491239917683,8.069195798925783,13.460648684448687,70
NeI,2,rot_x,0.049999999999999996,450,0.48692150000000006,0.2709440191216865,0.06479444487623423,0.0011686652213359072,0.24001101231633992,0.43133087976045553,1.8036503338645913,0.5258720140191175,0.166632815192874,0.8920514393272192,1.1065507433793258,2.5296037444320576,-0.6520404270108793,70
NeI,2,rot_y,0.049999999999999996,450,0.15870595457777775,0.03695689003782607,0.010614411087305218,0.0016994446046400269,1.0708133851443944,4.598451338574792,16.010729098975204,0.5571490798030412,0.18551801733820844,1.908995806940661,3.1270532488208693,12.96218214970393,-0.8381824217962667,70
NeI,2,rot_z,0.049999999999999996,450,0.39608855777777785,0.16096540357179476,0.031876640096089315,0.006291995167553577,1.5885324238736651,3.9089114977102413,19.7385770538768,0.4032947597568433,0.10806720015197466,1.2738766939718964,1.7449732978718564,5.225891188166287,0.3146557299017687,70
NeI,2,FD_Power2012,0.049999999999999996,450,0.7583761570756586,,,0.006795051122163276,0.8960000995238797,,,,,1.0063526941383134,1.1872522179815317,2.755007345201134,-0.11035259461443375,70
ShKh,1,trans_x,0.05259259259259259,450,0.41735075931111115,0.24712505354644432,0.047930189963554415,0.009227222535436619,2.2109034977358824,3.7338272275588875,19.25137902114074,0.6215431748655068,0.1867105931386831,1.7528323693900025,2.0378760701592897,5.522431320406942,0.4580711283458796,70
ShKh,1,trans_y,0.05259259259259259,450,0.5959147911999999,0.3137241540075979,0.0742915951664058,0.02361433523523815,3.962703323353615,7.52710141491568,31.78601183935327,0.5463415768379465,0.20271856450283668,1.5527368226307292,2.2426096061979295,7.3085547634174715,2.4099665007228857,70
ShKh,1,trans_z,0.05259259259259259,450,0.2640238444444445,0.09369986268379044,0.01605408974733947,0.011954958897994694,4.527984555012507,12.758779528139947,74.46675013122999,0.4248487812280861,0.09852577141075826,1.7189386606232815,2.6399440913790495,8.305154296768437,2.8090458943892256,70
ShKh,1,rot_x,0.05259259259259259,450,1.145737466311111,0.4509758014703733,0.14360700856193087,0.008807938945721405,0.7687571721015638,1.9530846038753678,6.13336287269222,0.394528640846612,0.16285160582700148,0.7734273437304475,0.9293307186178802,1.9538468654027994,-0.004670171628883696,70
ShKh,1,rot_y,0.05259259259259259,450,0.28513134924444444,0.15760181557388497,0.03744510012681869,0.021302078227315058,7.470970233109194,13.516391387844434,56.8888269898315,0.6514887959025681,0.2169808333908559,1.1944921131765687,1.880475428100101,6.211672436056806,6.276478119932624,70
ShKh,1,rot_z,0.05259259259259259,450,0.4706893977777778,0.2462200303874364,0.06115432116603925,0.010760102251332782,2.286030299839651,4.370116531299813,17.59499908782926,0.5156236717496212,0.19642800860447995,1.2670544648043343,1.4755977179910447,3.8278103741547636,1.0189758350353166,70
ShKh,1,FD_Power2012,0.05259259259259259,450,2.1582942516345156,,,0.03591341836756179,1.6639722938780892,,,,,1.0681389055173562,1.4598678518441035,3.4689814022341956,0.595833388360733,70
ShKh,2,trans_x,0.05222222222222222,450,0.1771402352,0.0548704826138737,0.015132988908856438,0.01206206071637167,6.809328610607867,21.982785901944744,79.70706110352373,0.5739600105680306,0.19131080993619168,1.5886426771066768,2.5186072320623074,8.62570689887375,5.220685933501191,70
ShKh,2,trans_y,0.05222222222222222,450,0.9406849332444445,0.6113467441207876,0.15413018771892265,0.012287846937507507,1.3062659455091339,2.009963585424726,7.972381737389476,0.6328457867665744,0.1957039175069964,0.8076534271759577,1.1842894755103537,3.1109601756985716,0.4986125183331762,70
ShKh,2,trans_z,0.05222222222222222,450,0.6143342672000001,0.10813544224657301,0.016076571034944136,0.0034523138158720768,0.561960157555098,3.1925830644868767,21.474192527548976,0.5062300788436639,0.10706987648855147,2.100431382941044,4.085803546148001,14.34327262645208,-1.538471225385946,70
ShKh,2,rot_x,0.05222222222222222,450,0.45953141191111113,0.2715499187560486,0.07951451380091307,0.009935547095733632,2.162104012522979,3.658828970101588,12.495262337401781,0.5959907475715142,0.1914447156209536,1.2739092461521935,1.3672714735651696,3.189287247959647,0.8881947663707854,70
ShKh,2,rot_y,0.05222222222222222,450,0.32782864720000005,0.13719588351708634,0.026339494478915447,0.0005164667719380622,0.15754168415397168,0.3764448019125454,1.9608074572254595,0.6337557477524424,0.1914815191591671,1.9836597975235812,2.9952439066169654,7.385950795283337,-1.8261181133696098,70
ShKh,2,rot_z,0.05222222222222222,450,0.46974167380000004,0.2608854683960329,0.05253744055986512,0.0012340742787632086,0.26271339069835975,0.4730329697359159,2.3489425172073455,0.5199571410900102,0.1311460377198032,0.7538981281837485,0.8629023386338754,2.24703406098193,-0.4911847374853886,70
ShKh,2,FD_Power2012,0.05222222222222222,450,2.113848871330688,,,0.02928732284911506,1.3854974802753242,,,,,1.0539835238592328,1.2606998687964257,3.3917768652665234,0.3315139564160914,70
