subject,run,axis,gastric_peak_Hz,n_timepoints,ss_total_raw,ss_total_rsfMRI,ss_total_gastric_band,ss_explained_raw,ss_explained_rsfMRI,ss_explained_gastric,pvaf_total_pct,pvaf_rsfMRI_pct,pvaf_gastric_band_pct,motion_power_in_rsfMRI_band_frac,motion_power_in_gastric_band_frac,pvaf_total_null_median_pct,pvaf_total_null_mean_pct,pvaf_total_null_p95_pct,pvaf_total_excess_pct,n_null
LA,1,trans_x,0.05074074074074074,450,0.1481937875777778,0.033478149800519906,0.0032394898851945443,3.303627067838266e-05,1.2864887118983759e-05,4.9800474903057e-05,0.0222926151077986,0.03842771239043793,1.5372937304314591,0.5198519822942749,0.06054886952174242,0.16308812873390488,0.2818016763435563,0.7382506440174528,-0.1407955136261063,70
LA,1,trans_y,0.05074074074074074,450,0.8470749593111112,0.5482687026486576,0.10679314410478004,0.0030047152212098194,0.0030895928555515484,0.001748876297413951,0.3547165676640261,0.5635180050631899,1.637629748683157,0.6647051761224348,0.17387193169371928,0.26855347158534465,0.370540323094744,1.1741325219216634,0.08616309607868142,70
LA,1,trans_z,0.05074074074074074,450,0.3359709753111111,0.04783994358050403,0.009885325133998915,0.00020293303444163246,0.00024869749393095775,0.00023925705845600533,0.06040195414312658,0.5198532341754437,2.4203256363629446,0.4329218505869153,0.1084432454715853,0.13378029585398762,0.195255267098521,0.569138379604751,-0.07337834171086105,70
LA,1,rot_x,0.05074074074074074,450,0.4042406223111112,0.23361437770855747,0.06333607079586864,0.006428553892047939,0.00650890277328775,0.00733555779358383,1.5902790410559982,2.7861738807051704,11.581959065989805,0.5744048188413764,0.2043270763130254,0.6161287495764592,0.9464288083099446,2.630710642982369,0.9741502914795389,70
LA,1,rot_y,0.05074074074074074,450,0.17539642500000002,0.0227181960454885,0.0030041489279629043,3.316895635796513e-05,0.00014871867177967957,0.0001086949317319996,0.018910850867094427,0.6546235954734306,3.6181605618901527,0.283441263772791,0.03190983536870108,0.11060131431415038,0.19353810730793977,0.628216631810336,-0.09169046344705595,70
LA,1,rot_z,0.05074074074074074,450,0.3611391094444445,0.2146360151216539,0.061859452236105505,0.0049732729334674985,0.004555520790358619,0.00475143315386569,1.3771072706908134,2.122440070356593,7.681013947117401,0.562637705042146,0.2108698967093442,0.49301481709993444,0.7927128638595642,2.926797924571644,0.884092453590879,70
LA,1,FD_Power2012,0.05074074074074074,450,1.1270545281310884,,,0.0014692638993827334,,,0.13036316014089447,,,,,0.34573052353166706,0.5154841642616509,1.2063092357898986,-0.2153673633907726,70
LA,2,trans_x,0.05592592592592592,450,0.2612526322,0.08839571346088267,0.01572310505684003,0.00017884441531051953,0.0001916761001796996,0.00020770223737536994,0.06845650273625054,0.21683868218849903,1.321000124495213,0.5046469927709585,0.10702342899609703,0.2692823839724711,0.38277454983274484,1.184883918474063,-0.20082588123622058,70
LA,2,trans_y,0.05592592592592592,450,1.4689323449111111,0.9388048316217597,0.1710798866996623,0.00033235221932614856,4.041436767476814e-05,8.94499602916432e-05,0.022625427268827693,0.004304874273490201,0.0522854918934312,0.5528730931626535,0.1336672352954544,0.35896223496011814,0.5254792275439779,1.8984962820065399,-0.3363368076912905,70
LA,2,trans_z,0.05592592592592592,450,0.37753307957777776,0.08150733248768827,0.010761383962419682,0.0009564337146997226,0.001090720915876628,0.0006155139388862793,0.25333772494038687,1.3381874766192132,5.719654098726925,0.3981896454420865,0.06931626102375489,0.14700152214287687,0.23263903994745608,0.8041175990528348,0.10633620279751001,70
LA,2,rot_x,0.05592592592592592,450,0.6702158722,0.3967615949940235,0.08304984140216173,0.0007911003842843156,0.0008023812894822346,0.00014101746665554082,0.11803665312901487,0.20223260003134153,0.16979859837741995,0.5504560260707843,0.16809384835846805,0.37721298401866604,0.4893294603575196,1.351598942540904,-0.2591763308896512,70
LA,2,rot_y,0.05592592592592592,450,0.14156704624444444,0.06142870631021653,0.00752599754530613,1.920835508426033e-05,8.691997073553837e-06,5.4209709178331886e-05,0.01356838020840894,0.014149731608637547,0.7202993204819979,0.46495773338729113,0.0742502435851492,0.19116234119055114,0.30944024448467455,0.7937820109653614,-0.1775939609821422,70
LA,2,rot_z,0.05592592592592592,450,0.4594218553111111,0.20609831952663366,0.042334085489326795,0.0003285920101933626,0.00011444831092044527,0.00014348114839740633,0.07152293831795328,0.05553092872533362,0.33892582475551664,0.4958206415178131,0.14266632798866183,0.42483984521935975,0.6005652664775128,1.5390742239124322,-0.35331690690140644,70
LA,2,FD_Power2012,0.05592592592592592,450,1.4695100071321905,,,0.0031602268663639688,,,0.21505310280474252,,,,,0.24825725035861282,0.37781813982955614,1.1336609375423718,-0.0332041475538703,70
BS,1,trans_x,0.05259259259259259,450,0.2040930777777778,0.08253391638893393,0.010847570965046321,0.00010808277361168406,0.00018128800353095498,0.00027947501318346425,0.05295758914928393,0.21965273364304072,2.576383358855222,0.5858692445658134,0.11830327692397957,0.2973332277976991,0.3889477161404524,0.9789658667580948,-0.24437563864841522,70
BS,1,trans_y,0.05259259259259259,450,2.23849346,0.20948345785804082,0.046487480035417465,0.0015968435700726147,0.00014687939479160472,0.00030202444774132114,0.07133563705263694,0.07011503261089926,0.6496898681348559,0.4459790956123712,0.128792944667911,0.30477152293159016,0.5500067617860457,1.4763518978800454,-0.23343588587895325,70
BS,1,trans_z,0.05259259259259259,450,0.8541680732444444,0.16927917658469657,0.02813766730492482,0.0005984360253836751,5.820536831888101e-05,0.0001149792071286973,0.0700606876010473,0.034384245890845724,0.40863091415034597,0.5117577801752586,0.13255301660000987,0.1847259636031719,0.3196030744818071,1.167737706892007,-0.1146652760021246,70
BS,1,rot_x,0.05259259259259259,450,1.0266288006444442,0.2059915085624495,0.05159833832683531,0.0008763156091076141,0.00010254999599371151,0.00013266424494993295,0.08535856470785992,0.04978360356180503,0.257109529593004,0.2943784516285023,0.104472287093017,0.31083587118304085,0.45705472174470935,1.4005587827191102,-0.2254773064751809,70
BS,1,rot_y,0.05259259259259259,450,0.7636348273111111,0.06793741905174239,0.014617421013824522,0.0035586165941847714,0.001958811783038736,0.002071283658684012,0.4660102534499728,2.8832590498424278,14.169966485367574,0.5347287020076221,0.15262929627337496,0.2646517144377348,0.42254279617719176,1.3572542740178315,0.20135853901223805,70
BS,1,rot_z,0.05259259259259259,450,3.104672430244445,0.24829530730198024,0.05690458701083547,0.005151371905629976,0.0006788801779677722,0.0006759544830231487,0.16592320192775975,0.27341643518945313,1.1878734536715592,0.48091143908025535,0.13842746576162993,0.4962428511361307,0.629213674269496,1.870416176931361,-0.330319649208371,70
BS,1,FD_Power2012,0.05259259259259259,450,1.4894140049100346,,,0.0003018702759471914,,,0.020267721060231694,,,,,0.2832701109980655,0.45266172537505606,1.197734914501189,-0.26300238993783376,70
BS,2,trans_x,0.05333333333333333,450,0.4774749152,0.11463955140285347,0.017864257958995548,0.0014479128266566832,0.001040664184997861,0.0010756940209143036,0.30324374759042483,0.9077706361052265,6.021487281382644,0.5710973969592046,0.11186269350826773,0.4266297432590058,0.5437394579704075,1.467177714592058,-0.12338599566858095,70
BS,2,trans_y,0.05333333333333333,450,178.5354488152,1.035683283556715,0.06603993610893573,0.3039219405576148,0.020018516606067793,0.009205839686158887,0.17023058590017098,1.932880150128595,13.939807075181685,0.15173627737228054,0.03224175089341678,0.375335586840392,0.5899671888602349,1.4988519840776129,-0.20510500094022105,70
BS,2,trans_z,0.05333333333333333,450,7.960153717244445,0.21391399709328546,0.032991028924667286,0.017074806171637036,0.007403308245304441,0.005464722208294151,0.21450347289961375,3.4608807024796713,16.564267276332796,0.37346163544738364,0.09093173503686486,0.3167263812381914,0.4909626755087786,1.3023612150837,-0.10222290833857765,70
BS,2,rot_x,0.05333333333333333,450,98.2173293738,2.362932283566385,0.6318808491246194,0.19366101529544721,0.02412766126122845,0.005509600423575289,0.19717601418218497,1.0210898310133736,0.8719366050115387,0.2780472280849432,0.06271033597895127,0.4061194209050734,0.6219180921042848,1.4495793759421256,-0.20894340672288841,70
BS,2,rot_y,0.05333333333333333,450,0.5024222622444444,0.14690410993936293,0.02681555504176766,0.004989782825937428,0.0033244629821361227,0.0018020158988117548,0.9931452487090908,2.263015638914629,6.720039529314055,0.4049489707523727,0.09890708424926381,0.43195147376131027,0.5842001598721823,1.6858105154610128,0.5611937749477806,70
BS,2,rot_z,0.05333333333333333,450,20.658670356111113,0.39627395981874064,0.053780955184528176,0.02437662686877573,0.00017883310654975837,0.002351656341066731,0.11799707555508188,0.04512865458824453,4.372656329732241,0.2462008457016501,0.08418945057552338,0.40942124933849733,0.6125698069510075,1.6729483562131497,-0.29142417378341545,70
BS,2,FD_Power2012,0.05333333333333333,450,4.064338490157865,,,0.035428952401667324,,,0.8717027995444153,,,,,0.27442213258946313,0.45954566231043764,1.614936232981238,0.5972806669549522,70
OE,1,trans_x,0.05388888888888889,300,0.16811431320000003,0.08763109748147012,0.013293189230284146,0.0012138131673176678,0.0017792272915123225,0.0013157019115352941,0.7220165518409098,2.030360617004193,9.897563998697176,0.6354559024022246,0.1417695112808408,0.5095856633711173,0.8642107084746529,2.5208803317379034,0.21243088846979252,81
OE,1,trans_y,0.05388888888888889,300,1.4655425468,0.7899220456564015,0.19887927074604722,0.01919651329518257,0.014914935608563051,0.01284570801219967,1.309857113128377,1.8881528488256318,6.459048227606688,0.5386364043981794,0.16318141955139048,0.8223167119168252,1.0159807326397123,2.730098674369191,0.4875404012115517,81
OE,1,trans_z,0.05388888888888889,300,0.2875080598666666,0.08995606200553849,0.019953809783130157,0.0011352137710765042,0.0012509532827742476,0.001073389443887459,0.39484589461699465,1.3906269959852486,5.3793709349427115,0.45396815102664956,0.20129031579070814,0.421472342574436,0.5663505676953481,1.4389965172577048,-0.02662644795744136,81
OE,1,rot_x,0.05388888888888889,300,0.6649452913,0.30541352451933335,0.0725969514726501,0.0013822207268663345,0.00011068237978739681,0.0015291108018577748,0.20786984206836423,0.036240169770343736,2.1063016708543834,0.38982488133779686,0.15724590232398458,0.5094987122118582,0.7020834308065285,2.0948720227657285,-0.3016288701434939,81
OE,1,rot_y,0.05388888888888889,300,0.1631636939666667,0.040778120173099085,0.007279699001817219,0.0006281978635529761,0.0007297871975565015,0.0008156648486451895,0.38501081232036394,1.7896538498062862,11.204650747806696,0.5179711987189264,0.1414645276109695,0.40020845433086305,0.515342351755268,1.3348121039156882,-0.015197642010499057,81
OE,1,rot_z,0.05388888888888889,300,0.5773467083666667,0.30213185494899913,0.0811641622516831,0.003783408868913374,0.0037337763963148363,0.005436658145742179,0.6553096803161423,1.2358102381971972,6.6983481316342175,0.45435734468823363,0.1673953040622818,0.5131551215484396,0.8003412944284227,2.14519330862625,0.14215455876770275,81
OE,1,FD_Power2012,0.05388888888888889,300,1.8445674478064866,,,0.04582281382071152,,,2.4842037560189443,,,,,0.46145648501761005,0.7128374930988686,2.03002049768211,2.022747271001334,81
OE,2,trans_x,0.051666666666666666,300,0.10137452786666666,0.037943125546407386,0.00635476884824928,7.783506550548824e-05,4.506969728199778e-05,3.75524617984499e-05,0.07677970703632889,0.1187822474637047,0.5909335602158919,0.49690246660216786,0.1193625154993163,0.4018754381239717,0.5697263147470373,1.89023762381249,-0.32509573108764284,81
OE,2,trans_y,0.051666666666666666,300,0.6329749598666666,0.40640782895378436,0.07427146385221656,0.007072635737770172,0.008860694986724649,0.006590726744111722,1.1173642223161548,2.180247120124318,8.873834447676673,0.6147730080138315,0.16087890220692988,0.6009145321980991,0.9069761294906853,3.133579179245506,0.5164496901180556,81
OE,2,trans_z,0.051666666666666666,300,0.17424790546666669,0.07258113619053085,0.009350205573085057,0.0001844256521584542,0.0001269992259965852,0.00011016420181635816,0.10584095783793195,0.17497552761257806,1.1782008529680914,0.5824433800705767,0.0928507008775969,0.3017902684212028,0.47926455592624073,1.7257351241664554,-0.1959493105832709,81
OE,2,rot_x,0.051666666666666666,300,0.38910892786666673,0.1781462352435263,0.033639765593652456,0.0010163145859911071,0.0011116173929940354,0.0012817160818929876,0.26119025116261546,0.6239915154392413,3.810121917540462,0.4153413618559852,0.10349697526677756,0.4457561529133235,0.5638709613411942,1.476929508415524,-0.18456590175070803,81
OE,2,rot_y,0.051666666666666666,300,0.10163368880000001,0.032318212112279004,0.004343806852909303,0.0002217747825309091,3.214968847612548e-05,1.879765466132003e-05,0.21820991164389292,0.09947854901264945,0.4327460980160786,0.4783046039237448,0.10845578604407141,0.2975364971148482,0.4824965750185001,1.4544469659701789,-0.07932658547095528,81
OE,2,rot_z,0.051666666666666666,300,0.3377106398666667,0.17057523920635476,0.03472384921912461,0.002054715282898578,0.001656807688178774,0.001518945967745343,0.6084247993222277,0.9713060910173708,4.374359415513082,0.52890246557494,0.1307724444724123,0.465475049371492,0.5716979972314229,1.4116043024947458,0.14294974995073573,81
OE,2,FD_Power2012,0.051666666666666666,300,1.0414451872838133,,,0.023677228221638202,,,2.2734973007451917,,,,,0.6626474108643327,0.815424117171588,2.203629103066587,1.610849889880859,81
OE,3,trans_x,0.050555555555555555,300,0.10010801236666668,0.045146127282029117,0.011267854435210315,0.001081182138737119,0.0010034347022600879,0.0007871741615129903,1.0800155883397842,2.2226373836931863,6.986016424326462,0.5452520179945072,0.1566661103256203,0.6878284547916674,0.992731326104668,2.7575112670366946,0.39218713354811674,81
OE,3,trans_y,0.050555555555555555,300,0.6699182834666666,0.4186018402923973,0.14651988378750047,0.019854092253306366,0.02289628248001363,0.020307225617224756,2.96365881381326,5.469704209618468,13.859706336292598,0.5966814874627816,0.2404944029874994,1.222939866131941,1.4498927202315688,3.153319353109095,1.740718947681319,81
OE,3,trans_z,0.050555555555555555,300,0.15984741346666664,0.05021783517892519,0.011130855001205657,0.0001560960692050528,0.0006574685602561067,0.0001869412233809157,0.09765317174656936,1.3092331796334087,1.679486646449593,0.5587613574943204,0.10252608665823386,0.25016513874454327,0.42455760874865917,1.4706378328169105,-0.1525119669979739,81
OE,3,rot_x,0.050555555555555555,300,0.39858811129999994,0.17046083237302156,0.05186741840571303,0.0029060180524442814,0.002723797039909437,0.003298576030642042,0.7290779554277894,1.597901994253388,6.359630249649584,0.3489865961648346,0.14802987311110039,0.7583751032455684,0.9085389734815501,2.797982898748156,-0.029297147817779028,81
OE,3,rot_y,0.050555555555555555,300,0.08985475786666666,0.026614934424091265,0.006059813967937457,0.0011190206817766196,0.0013794462944487947,0.0009667839517545837,1.2453660867208698,5.182978370219652,15.954020319268022,0.42979029865816215,0.09035646727827416,0.5189077515361077,0.6733136459529311,1.694613873635072,0.7264583351847622,81
OE,3,rot_z,0.050555555555555555,300,0.40262992666666664,0.1837253076612777,0.041905953033813864,0.0005758872788323988,0.00013667828548499794,6.259686016286958e-05,0.14303141438097078,0.07439273730159306,0.14937462491870843,0.4395642407846479,0.13501393949264368,0.43001961513162357,0.55617506565394,1.6173345747663943,-0.2869882007506528,81
OE,3,FD_Power2012,0.050555555555555555,300,1.1461602085019749,,,0.003321426319649712,,,0.28978726490520884,,,,,0.8009101462832072,1.1895555910378486,3.457613529545206,-0.5111228813779984,81
AE,1,trans_x,0.04833333333333333,300,0.1415922217,0.07623208050914138,0.017219598079661128,0.003740759101744401,0.0035911912567049287,0.0038543914447674438,2.641924151504716,4.710866124497666,22.383748023248266,0.6482129010500336,0.1636540422549925,0.6333770502315813,0.7571039134327255,2.0012411637845893,2.0085471012731344,81
AE,1,trans_y,0.04833333333333333,300,0.4174780299666665,0.22362337987218084,0.07953821857299759,0.0010308697026037428,0.0010160682811135024,0.000886881585673821,0.24692789287284234,0.45436585463213597,1.1150382817033675,0.5149092729973966,0.20192749976756888,1.0050417269355598,1.6941707293206476,4.3451376986169645,-0.7581138340627175,81
AE,1,trans_z,0.04833333333333333,300,0.12147186880000001,0.04130366918324635,0.008282690495044705,0.0009779865647717573,0.0008922791906399719,0.0008341665612429661,0.8051136237822968,2.160290376821775,10.071202850595755,0.44273468431841606,0.10213183423049885,0.3467644784414659,0.5366813386244387,1.614544350641641,0.45834914534083093,81
AE,1,rot_x,0.04833333333333333,300,0.39115047236666656,0.2610733312674665,0.10163885249326451,0.007950649506124563,0.008562981661416724,0.0075014253734480285,2.0326319582382046,3.279914351973412,7.38047035108463,0.6242007786661808,0.2808700372971627,1.0520716168970248,1.429879828578209,4.210508807078287,0.9805603413411801,81
AE,1,rot_y,0.04833333333333333,300,0.14072718346666674,0.06991651305310582,0.0188472004002233,0.0022235526800072347,0.0023555149196479164,0.0024766282980496143,1.5800448962541167,3.3690394683424216,13.14056329565144,0.6940235288999874,0.19580712273720136,0.5969367029668674,0.7612194742757733,1.824774674837761,0.9831081932872493,81
AE,1,rot_z,0.04833333333333333,300,0.28408306569999997,0.15650384644166584,0.0513252300271426,0.0011492075124994727,0.0011046284395850592,0.001291289742129255,0.4045322130228872,0.7058155212797218,2.5158966485807763,0.5173111420723235,0.23207510557239824,0.9797784215582148,1.1628877291445163,2.8002959756591466,-0.5752462085353276,81
AE,1,FD_Power2012,0.04833333333333333,300,0.6493689681185816,,,0.016838860296977343,,,2.59311133172326,,,,,0.5788490485479333,1.028199297086067,3.330450280292397,2.0142622831753267,81
AE,2,trans_x,0.04666666666666667,300,0.1887804091666667,0.09382852260073758,0.01797885915267112,0.000384237607355703,0.0004429662065196932,0.0004268129808285073,0.20353680185981318,0.47210186651304153,2.3739714361414066,0.6433400920587424,0.10815118975536726,0.5210040109895624,0.5851566089981151,1.4596531537145585,-0.3174672091297492,81
AE,2,trans_y,0.04666666666666667,300,0.8058876166666665,0.5093136585150577,0.1434284316076579,0.000643928541675165,0.0006917012027551905,0.0006385778829886279,0.07990301977074658,0.13581045612872378,0.4452240576229889,0.6422761573555206,0.17227471324523816,0.732380086266312,0.9248232552734018,2.404840953671329,-0.6524770664955654,81
AE,2,trans_z,0.04666666666666667,300,0.36638522186666667,0.13023667399802213,0.011851197113964354,0.0007934134120230474,0.0013626653224723673,0.0012320229615132485,0.21655169604842386,1.0462992340337727,10.395768036475797,0.5556484343758,0.051164588482299905,0.2013021494774835,0.2684717154114911,0.7525866775595336,0.015249546570940365,81
AE,2,rot_x,0.04666666666666667,300,0.35534148586666664,0.1831223582615849,0.05107390350000729,0.0001692069655737094,6.591681054196608e-05,4.744736531653304e-05,0.04761812856188716,0.035996047215493945,0.09289943016892427,0.5642500661360099,0.1424275188348218,0.5059571050925422,0.7735350215280975,2.492159247131794,-0.4583389765306551,81
AE,2,rot_y,0.04666666666666667,300,0.16251984249999998,0.08377017520075758,0.01920236730991882,0.002099968332604757,0.00273017775904838,0.0026380269453779408,1.292130425615418,3.2591286248422335,13.738029810601999,0.6292442837063239,0.1095749986427714,0.6383929227543994,0.7954411031027047,1.9204229414934115,0.6537375028610187,81
AE,2,rot_z,0.04666666666666667,300,0.34232315999999996,0.1934830108760861,0.04247745478216422,0.0036133955625783365,0.003790634659599418,0.004063108957546996,1.0555510070012022,1.9591563323495542,9.565330546247905,0.5707174683206038,0.10867953697942427,0.7035184591237454,0.9893351606890421,2.8372587317282183,0.3520325478774568,81
AE,2,FD_Power2012,0.04666666666666667,300,1.1619750186895326,,,0.017899807307498516,,,1.5404640392085018,,,,,0.6247763671001547,1.007912512354451,3.352515630392455,0.915687672108347,81
AE,3,trans_x,0.04666666666666667,300,0.23207464196666666,0.09799060869391893,0.032808272082704204,0.0018289579740381756,0.000556964342095928,0.0012570804171582878,0.7880903999416156,0.56838542950136,3.831595927970229,0.6305631065578956,0.20010463642790471,0.7694644255726741,1.1237516638898686,3.1498736194115966,0.018625974368941412,81
AE,3,trans_y,0.04666666666666667,300,0.8616660376999999,0.6127115244760567,0.2535378636201946,0.013233924333832081,0.012273638944725329,0.011804663526959802,1.5358530747198418,2.003167633450471,4.655976570285949,0.6554134105162851,0.2546628429402195,1.261754464700232,1.7059909595574723,4.487258433636939,0.2740986100196099,81
AE,3,trans_z,0.04666666666666667,300,0.5328700923666667,0.21644136755092158,0.04997558661738323,0.0011794735425496583,0.0005098671664328647,0.0007135819647440117,0.2213435430971917,0.23556826137356093,1.4278611078790284,0.548736044420885,0.11004448655800417,0.6093940614474754,0.6696314819523852,1.9261257416697732,-0.3880505183502837,81
AE,3,rot_x,0.04666666666666667,300,0.7667349814666669,0.4796980940044583,0.10201012269795354,0.004132305512340229,0.0037675202638781102,0.003426660108923507,0.5389483475027645,0.7853940449142363,3.359137327056907,0.5165194829706842,0.09895161305560078,0.5793828414439517,0.8343427245527493,2.3288119109270755,-0.04043449394118721,81
AE,3,rot_y,0.04666666666666667,300,0.25576530146666665,0.1343577448044778,0.04873013759151111,0.005649796951848474,0.004964294178405659,0.005663516205041005,2.2089771049669924,3.694832914641339,11.622204420017072,0.6084186350464916,0.19508563012030763,1.0543468831979483,1.4812901926970616,3.8664830781448547,1.154630221769044,81
AE,3,rot_z,0.04666666666666667,300,0.4697903963666667,0.28378843845270607,0.1252681792435473,0.003300262872940496,0.004604424091658621,0.005189970238984681,0.7024968791325981,1.6224847343194206,4.143087470677053,0.6096533825407172,0.2275187786653063,1.4279518363217578,1.822649653587121,5.991839780330346,-0.7254549571891599,81
AE,3,FD_Power2012,0.04666666666666667,300,1.778128182128787,,,0.012866637736339559,,,0.7236057482051453,,,,,0.5549112287932002,0.8443072744845727,2.5132649619055214,0.1686945194119451,81
SE,1,trans_x,0.04833333333333333,300,0.1854010032,0.11648161484897859,0.025913325583680764,0.0007839243087401637,0.000990669558747992,0.00046222430376378215,0.42282635757612974,0.8504943548665773,1.7837320890023995,0.6703464891526658,0.2125834992809231,0.42556259443509115,0.6880041761940955,2.2359137623897403,-0.0027362368589614085,81
SE,1,trans_y,0.04833333333333333,300,0.37320272879999994,0.22084110646680072,0.08943649284735578,0.007001546567875105,0.0073504216678218215,0.007116870302319014,1.8760705717206179,3.328375674900369,7.957456822983447,0.6457562767517409,0.3175834824569431,1.3417968208814124,1.7481122142997099,4.722340291084222,0.5342737508392056,81
SE,1,trans_z,0.04833333333333333,300,0.2583201577,0.05783398180222932,0.009450143646575922,0.006046342140231864,0.000729885205136345,0.00046052533018421833,2.340638916477351,1.2620351952114945,4.873209841112636,0.4527497608360173,0.08589574558367315,0.1888208960480322,0.2942850455505488,0.8371183380583338,2.1518180204293187,81
SE,1,rot_x,0.04833333333333333,300,0.4953187174666668,0.23403404365443825,0.06840806548903525,0.005142247822930601,0.008250273756937654,0.006510186159897707,1.0381694940241495,3.5252451430184033,9.516693847951583,0.4248822204441975,0.15274859324071982,0.5310281598363064,0.790672151000678,2.365130156465206,0.5071413341878431,81
SE,1,rot_y,0.04833333333333333,300,0.15892356586666667,0.06250561222787694,0.015469752803664371,0.0022448836008232553,0.0008883681712636982,0.0005842954199174258,1.4125555191145551,1.4212614509317516,3.777018465214401,0.5374276441585878,0.11779860377949977,0.5538181068385258,0.6221606234532921,1.3223045037304728,0.8587374122760293,81
SE,1,rot_z,0.04833333333333333,300,0.40771884836666666,0.22325678670949745,0.0729647795780409,0.00800966420023358,0.00859278970115554,0.005309209292013714,1.9645067262209053,3.8488369504020987,7.276400097029205,0.4887255225876477,0.19128022381150872,1.0155113704032788,1.2625413726990373,3.214818614899152,0.9489953558176265,81
SE,1,FD_Power2012,0.04833333333333333,300,1.3410752504274017,,,0.0015153119819906191,,,0.11299231579344172,,,,,0.5447354322975224,0.7346024732704898,2.2575256682052536,-0.43174311650408076,81
SE,2,trans_x,0.0443,300,0.29139190319999997,0.17138610535120816,0.047877202106062694,0.0002681156408172458,0.000580262411275706,0.0011409251182180197,0.09201204215795308,0.3385702767949709,2.383023794269599,0.5754044664200313,0.2128312845424294,0.8062267498770651,0.9899184748662924,2.447400932675346,-0.714214707719112,81
SE,2,trans_y,0.0443,300,1.7390953003666665,1.1162177955861565,0.33588430149870296,0.019167785704947038,0.021077618571523793,0.012707795974729374,1.102169944390382,1.8883069822816574,3.7833849090379257,0.6235395971661347,0.21038596102819143,0.9439059629359814,1.286543857742892,3.372180052950492,0.1582639814544007,81
SE,2,trans_z,0.0443,300,0.2661153625,0.11948869032617186,0.02275232171038331,5.785255709850334e-05,0.00017450408739021206,0.00041586812322411473,0.021739653267294306,0.14604234669730082,1.8278052170575982,0.5669675190059399,0.12819830830109508,0.5496566842846464,0.7908366498988678,2.3458001091493346,-0.5279170310173521,81
SE,2,rot_x,0.0443,300,1.0595791697,0.4861873711750109,0.17401571331607324,0.01514714819076568,0.01909157142380863,0.015781293291073917,1.4295437871862196,3.9267929517931295,9.068889809053958,0.4592067138253368,0.2123425341700388,0.6270882463307804,0.9427875301182266,2.6062191977348035,0.8024555408554391,81
SE,2,rot_y,0.0443,300,0.12028100346666667,0.05733923190453839,0.01925051389437573,0.0020493098723471104,0.0013491425546333438,0.0012904410979986958,1.7037685197854484,2.352913545963561,6.703411166471321,0.5875949635098816,0.19190512715929345,0.6674315531766816,1.0943177343635808,3.467957893826734,1.0363369666087667,81
SE,2,rot_z,0.0443,300,0.8432967177,0.3379922728779713,0.11402984947914521,0.017674137502584952,0.01639275964932263,0.014368027084172452,2.0958385265377575,4.85003976858402,12.600233315926811,0.3305221894774694,0.15276870417185487,0.5083607867297,0.6712808223080563,1.770746224529654,1.5874777398080575,81
SE,2,FD_Power2012,0.0443,300,4.985633489372896,,,0.024205797043326704,,,0.48551096054137266,,,,,0.8784713907529763,1.092503088436029,3.034264602356557,-0.3929604302116036,81
SE,3,trans_x,0.0443,300,0.12732557519999999,0.0649749437911735,0.017838213338019816,0.00012551086855761007,0.00012163106740667451,7.041804550302413e-05,0.09857475087818027,0.1871968797658236,0.39475952085928523,0.578190503783102,0.20813948124814324,0.6550910870723817,0.9966741486940003,3.0913107050648234,-0.5565163361942014,81
SE,3,trans_y,0.0443,300,0.6864648691666664,0.448553452677202,0.14228799847935386,0.011031646860971467,0.010232221711411749,0.004772413278991194,1.6070227853558372,2.281159948795509,3.354051873660783,0.571749249055908,0.28380284573233167,0.9088853485754225,1.3016745600479087,3.5931112807001058,0.6981374367804148,81
SE,3,trans_z,0.0443,300,0.27195252000000003,0.1089563657387535,0.021122763374869465,0.0007863536677145677,0.0004267610328050897,0.0015360521584101283,0.2891510870039254,0.391680678693287,7.2720227517088345,0.5004006899068042,0.13857582105976216,0.31689420975407323,0.35339718460020175,0.9381977603719671,-0.0277431227501478,81
SE,3,rot_x,0.0443,300,1.2286280634666666,0.6336482297513651,0.18323073029703596,0.009187150070599781,0.0074170705727666375,0.005867463400745954,0.7477568145950977,1.170534410816076,3.2022267177750092,0.5441014116477944,0.22280809242009908,0.7431971106504506,1.0067400111480904,3.1572851243633555,0.0045597039446470915,81
SE,3,rot_y,0.0443,300,0.14979837236666663,0.09143788586313467,0.03393388971197863,0.00042455869767907273,0.00017810655531322328,0.00011461751041907248,0.28342010061355394,0.19478420091625404,0.3377670859188671,0.6668960725041071,0.25678059521776153,0.908786783396519,1.2287664396888804,3.404532119988419,-0.625366682782965,81
SE,3,rot_z,0.0443,300,0.6261999114666668,0.30331126593744573,0.07074529050518433,0.0033751447434446913,0.005199697974875295,0.0021851702642635973,0.5389883776156288,1.7143108610900293,3.0887854847432767,0.4439510827795574,0.15458805233863657,0.6406488299368098,0.9783695464380524,2.855851926964007,-0.10166045232118098,81
SE,3,FD_Power2012,0.0443,300,3.002274807846388,,,0.08388461741108255,,,2.79403528257479,,,,,1.0840511291729122,1.6986324002394997,4.242893114224156,1.7099841534018778,81
SP,1,trans_x,0.04388888888888889,300,0.08172407146666666,0.04702367788065714,0.007214312094290171,0.0008523547893336952,0.0011810405900469362,0.001141618915816391,1.0429666241987843,2.5115870201483093,15.824362751369394,0.5895215411985549,0.127974015031255,0.5259593594588867,0.702763769855838,2.0806925567278007,0.5170072647398976,81
SP,1,trans_y,0.04388888888888889,300,0.26309680999999996,0.08528822103392966,0.03265695889088506,7.570424631442307e-05,0.000547991089716135,0.0018557544947112314,0.02877429274586153,0.6425167310010267,5.682569834232772,0.5164737106872139,0.22157232437069088,0.5876961607038587,0.821902442197104,2.2398011606778767,-0.5589218679579971,81
SP,1,trans_z,0.04388888888888889,300,0.09830110186666667,0.06501903691606914,0.01173270228154923,0.0014886041358599666,0.0006429838676442479,0.0005598076555730531,1.5143310782813755,0.9889163207296561,4.7713445900131894,0.5261168613842134,0.15530372046295518,0.5415150799609455,0.7383000933106103,1.7700676431112827,0.97281599832043,81
SP,1,rot_x,0.04388888888888889,300,0.15226646330000002,0.08577532340719426,0.027306929136177494,0.0015347045299336226,0.0023145421477215045,0.0010510406046041927,1.0079071232579304,2.698377640307884,3.8489886554534802,0.4576861621312048,0.15389618629481971,0.7016637470419542,1.1247624473454538,3.4722588157994325,0.3062433762159762,81
SP,1,rot_y,0.04388888888888889,300,0.10961457746666667,0.07180360710475404,0.012061585941899957,0.002926118316485496,0.0025005632149763674,0.0026659606437243154,2.669460927653821,3.482503617580526,22.102903022588503,0.7231077032149322,0.18520171498868288,0.5663000488150999,0.753885134198013,1.9784867514115339,2.103160878838721,81
SP,1,rot_z,0.04388888888888889,300,0.2084448691666667,0.11188283150018644,0.028038224053050953,0.003936065790066834,0.0029360904844222546,0.0022012304125426582,1.888300635944013,2.6242547181310494,7.850819682365487,0.523689678413166,0.18552451773518278,0.53109039075827,0.9300056868491455,2.9708314736546266,1.357210245185743,81
SP,1,FD_Power2012,0.04388888888888889,300,0.4286409850343985,,,0.011091026137248883,,,2.587486153793442,,,,,0.6339702960440163,0.8368054009387415,2.3466478763287744,1.9535158577494258,81
SP,2,trans_x,0.047142857,300,0.17002781236666667,0.040516672890759484,0.006898008646683261,5.7299558710061094e-05,0.00016556198977666498,0.0001677185316650582,0.03370010936004635,0.4086268145043672,2.43140506565908,0.41998407433091894,0.066640934738676,0.2471417859315721,0.3069946430574634,0.6899916664515708,-0.21344167657152574,81
SP,2,trans_y,0.047142857,300,1.6466852091666664,0.3457474186021374,0.11292920334321165,0.03910793103560417,0.013701483111059565,0.0036816211525077386,2.3749488255496884,3.9628591202372205,3.2601143402372608,0.415924200589389,0.08495103126969311,0.7838305771111042,0.8536749112160609,1.8311706128752399,1.591118248438584,81
SP,2,trans_z,0.047142857,300,0.10669185186666667,0.03220134907360332,0.004557445173613665,0.00033951870781705196,0.00017864546616468135,4.0729567867752586e-05,0.3182236523941398,0.5547763410667905,0.8936929862275779,0.45882066610445565,0.06770151650180743,0.1405688201795256,0.27120466444337965,0.9730631583220776,0.17765483221461423,81
SP,2,rot_x,0.047142857,300,1.7222887674666667,0.6283143336480648,0.2573896999649071,0.004805919733457564,0.0005818895909891486,0.0020943792821730423,0.27904262190170603,0.09261122336818757,0.8136997255362561,0.48528452412484196,0.09331734934016245,1.245749915958129,1.27503706187315,2.0567814485372997,-0.966707294056423,81
SP,2,rot_y,0.047142857,300,0.10697284146666666,0.023388259041326277,0.003936999814929834,0.000940991035475236,0.00028113536982357634,0.00022908964810597777,0.8796541463923384,1.2020363265466638,5.81888897320308,0.43044280016838954,0.0652650894992076,0.38028452847796324,0.5976587247728451,1.8272993926686785,0.49936961791437506,81
SP,2,rot_z,0.047142857,300,0.6092694419666667,0.209791907361781,0.08106845553130669,0.010741944372400059,0.004078012973657952,0.004526551443053514,1.763086022782635,1.9438371217177213,5.58361623320364,0.5113087649274356,0.1910629786153002,1.1828512302940992,1.3246396492272934,3.2518407507535936,0.5802347924885357,81
SP,2,FD_Power2012,0.047142857,300,0.956913231114941,,,0.0006987144602709217,,,0.0730175357129109,,,,,0.41685290198829605,0.6298111704586365,1.649646494067399,-0.3438353662753852,81
SP,3,trans_x,0.04722222222222222,300,0.12386571520000002,0.0613014301555072,0.011596283946513844,0.000653993031599534,0.0005096314171595187,0.0006722281035139669,0.5279855128140688,0.8313532259634148,5.796926900156294,0.6214854286419225,0.1024727699306422,0.35520612659843315,0.5040561824113409,1.5298858198250516,0.17277938621563568,81
SP,3,trans_y,0.04722222222222222,300,0.5990512558666667,0.45503820311009624,0.12087808768241316,0.03318041743375022,0.035095981777612695,0.03261613320968641,5.538827789576543,7.712755003368639,26.982668103899705,0.7065992111324865,0.18398190133986456,1.4203703335364792,1.6961951057161335,3.910204613907063,4.118457456040065,81
SP,3,trans_z,0.04722222222222222,300,0.11730756346666667,0.07292886040485437,0.022076243860526965,0.009640095927329187,0.00825289702918576,0.006459220059503355,8.217795717893717,11.316366364935577,29.258691380251733,0.6736598291319749,0.1973776717191535,0.7642139961457305,1.1899305342837483,3.7745682391108453,7.453581721747986,81
SP,3,rot_x,0.04722222222222222,300,0.40198262036666665,0.2607807286545468,0.07565149159477283,0.011976292700714264,0.01211646887841869,0.008876776711080003,2.9793060928331037,4.646228630823881,11.733776193903028,0.634395583098364,0.16471099817861812,1.1382041930848816,1.2101893133558428,3.2064940120267864,1.8411018997482222,81
SP,3,rot_y,0.04722222222222222,300,0.13913078480000002,0.050701533437243394,0.008792178796609443,0.0010013955874335623,0.0017115532248266063,0.0009334640497522615,0.7197512677536209,3.3757425245236576,10.616982108146349,0.5900104186745886,0.10848353917000585,0.325304394539336,0.44484671684023885,1.3402555553680837,0.39444687321428495,81
SP,3,rot_z,0.04722222222222222,300,0.34261111666666666,0.2187429359670068,0.06382902646174922,0.010629368016109364,0.010409737610483416,0.010679289765569408,3.1024585890629153,4.758890870904981,16.731086713298343,0.6190127610541376,0.17144697196570846,1.0428175069974503,1.18155042910678,2.9631564640174535,2.0596410820654647,81
SP,3,FD_Power2012,0.04722222222222222,300,0.7658850367859646,,,0.016831065207562057,,,2.1975968192554847,,,,,0.608104212725218,0.6712657810219246,1.5913552035529004,1.5894926065302666,81
OfA,1,trans_x,0.04296296296296296,450,0.17333302891111113,0.058690401880785587,0.01598447188107726,0.001575413117499036,0.0015794387462620407,0.0019017063201679854,0.9088937794463521,2.6911363624162314,11.897210832590996,0.48328405817332176,0.14479408918271314,0.27061530260896755,0.3647556684277039,0.9096366802545904,0.6382784768373846,70
OfA,1,trans_y,0.04296296296296296,450,3.103697462577778,0.8030030253251768,0.19997703440771997,0.01425114264793459,0.013992814475116244,0.015361201163973742,0.4591666172288034,1.7425606173089871,7.681482630977918,0.509159093268607,0.15694274250831208,0.29816213787190116,0.4169561559593047,1.4095892868665927,0.16100447935690224,70
OfA,1,trans_z,0.04296296296296296,450,0.36168188497777776,0.056984753681992614,0.013479307331107094,0.0019207081293691752,0.0004070195474483798,0.0006646770392418466,0.5310490265464045,0.7142604313423565,4.9310919538716,0.39493458356355726,0.11427060356550488,0.21484488140010705,0.2841035822263328,0.8283667334307074,0.31620414514629747,70
OfA,1,rot_x,0.04296296296296296,450,3.9903312178000006,1.3355942437343733,0.6023967542303997,0.050557685628770166,0.024128064245037217,0.020098868275521653,1.267004738936039,1.806541497032378,3.3364834943706225,0.4294490586787722,0.1460024257364334,0.9980452024923974,1.0150077625930334,1.8161180535020995,0.2689595364436418,70
OfA,1,rot_y,0.04296296296296296,450,0.204059505,0.10946247857286442,0.02347763220141722,0.001992675453669185,0.0012869005646784087,0.0007821192117770694,0.9765168516257965,1.1756545087016048,3.331337696524,0.618699954833036,0.15922384812663318,0.4487794628566842,0.5717992487980681,1.591296187254583,0.5277373887691122,70
OfA,1,rot_z,0.04296296296296296,450,1.4699701649999999,0.38931365150307895,0.10520549673444013,0.002270744289149196,0.0011416657836548216,0.001214092821870183,0.15447553584525955,0.29325089917782976,1.1540203312140598,0.4606017610531514,0.14747179366978527,0.18214557897235692,0.27288136319700906,0.8608417510158036,-0.027670043127097352,70
OfA,1,FD_Power2012,0.04296296296296296,450,3.6138732346616695,,,0.003014692318509482,,,0.08341997969366287,,,,,0.6542472531252616,0.7484114656633578,1.864947724399713,-0.5708272734315987,70
OfA,2,trans_x,0.04259259259259259,450,0.09557804357777779,0.028209916213154763,0.0053639677615714984,2.0752157842335306e-05,2.3614820235610262e-05,1.0003265771858262e-05,0.021712264726833404,0.08371106123526262,0.18649004275386574,0.40751439978648285,0.07709557308592825,0.18865552130173435,0.29415739605423774,1.0352354946792388,-0.16694325657490094,70
OfA,2,trans_y,0.04259259259259259,450,27.1698431048,0.7263615120534013,0.1407459246283375,0.021400022744980873,0.015323342029337272,0.017432415687430244,0.07876388046274807,2.1096026943964397,12.385733891381491,0.4138131530501867,0.09676982849147371,0.34809552424366186,0.5190776767796372,1.5414685508407073,-0.2693316437809138,70
OfA,2,trans_z,0.04259259259259259,450,1.0459883932444445,0.09527925629948976,0.016971807130346992,0.0020228805960846863,0.0009352478541390791,0.0009992098093135372,0.19339417235884612,0.9815860140630501,5.88746856265452,0.401977284223318,0.11321368727698282,0.26042555620749597,0.43880410255841085,1.4024319461223145,-0.06703138384864984,70
OfA,2,rot_x,0.04259259259259259,450,5.020648651111111,0.09853514666475732,0.025286550305109564,0.007375958042570296,0.0039034421714824186,0.002946728625072486,0.14691245205812073,3.961471925101977,11.653343732209494,0.35567418200527146,0.1017749046805002,0.2722338487836733,0.439649226055784,1.3724287621321034,-0.1253213967255526,70
OfA,2,rot_y,0.04259259259259259,450,0.1566570689111111,0.025326760588049554,0.005578964246014796,0.0001966635706138753,0.00028674806317751517,0.0003146521368995892,0.12553762940979335,1.1321939976517068,5.639974070892348,0.35481528660938677,0.08448412019308518,0.16369717207933854,0.21842842691230666,0.699548131282939,-0.038159542669545174,70
OfA,2,rot_z,0.04259259259259259,450,1.4617564602,0.2580033066443173,0.06496010397590699,0.014688554800413423,0.013128530889369688,0.010082626501933839,1.0048564997211444,5.088512647424572,15.5212597961256,0.5417794674857638,0.15753973629757428,0.36151698639557833,0.510848396488381,1.3047943830371336,0.6433395133255662,70
OfA,2,FD_Power2012,0.04259259259259259,450,1.2558875474611866,,,0.007827628107664797,,,0.6232746015746853,,,,,0.5423463528221517,0.797248791046427,2.495102702856695,0.08092824875253357,70
SS,1,trans_x,0.04555555555555555,450,0.22533928080000004,0.02203481022676087,0.004264345907466777,9.946650565406667e-05,0.0004065849753623445,0.0004420358934267418,0.04414077532374314,1.8451939053623185,10.365854530063954,0.30591416056171705,0.06633529748153043,0.17332925350249856,0.234555128518953,0.7379358379468539,-0.1291884781787554,70
SS,1,trans_y,0.04555555555555555,450,0.32329066419999997,0.09027587608931212,0.026236563090024388,0.0024030742058173127,0.001789338511252389,0.0019012447143081299,0.7433169193932179,1.9820782569666264,7.246546385608781,0.4460860870867161,0.14290761300056012,0.35534170406221627,0.5011737187950042,1.3309689588731621,0.38797521533100165,70
SS,1,trans_z,0.04555555555555555,450,0.05743347191111111,0.01445432971213613,0.0041575738437512975,6.822713117585893e-05,3.1686306571691164e-05,3.088701698305066e-05,0.11879332539995668,0.2192167136265526,0.7429096425905428,0.3174909991593863,0.09064367183542278,0.30254932951002306,0.38834526139464715,1.0927960292777783,-0.18375600411006637,70
SS,1,rot_x,0.04555555555555555,450,0.6405095102444445,0.24844026096991334,0.09593135452982102,0.0005852773793122434,0.001520932146073961,0.0009783686179490603,0.09137684452005682,0.6121922993222703,1.019863237357841,0.3341618312790701,0.13592510106483194,0.3300670910583752,0.4948415755636756,1.240145801876083,-0.2386902465383184,70
SS,1,rot_y,0.04555555555555555,450,0.11348908064444443,0.033102349768076585,0.007064810812247712,0.0001448385571940769,9.958226280724902e-05,1.955244436721397e-06,0.12762334170971812,0.30083140171301276,0.027675821599238606,0.3584707857584869,0.11536615235334463,0.3125381248597054,0.39646079483570484,0.9985677702941441,-0.18491478314998727,70
SS,1,rot_z,0.04555555555555555,450,0.5147246595777777,0.2448592786839689,0.059443942721294926,0.0038018861141065896,0.0039061022496620634,0.0034222647483179366,0.7386252131819816,1.5952437133099333,5.757129476359514,0.49337381646612893,0.15439337468641792,0.4418759913478401,0.6116925547262976,1.8017002908113895,0.2967492218341415,70
SS,1,FD_Power2012,0.04555555555555555,450,0.8710893356267257,,,0.002473206198531641,,,0.28392107415162354,,,,,0.2932903853546762,0.4305126250772272,1.288532101481498,-0.009369311203052651,70
SS,2,trans_x,0.044814814814814814,450,0.11913754944444443,0.008391909848078997,0.0020828561426813534,0.00013533086351624757,1.3347265422953072e-05,2.136725605931481e-06,0.11359211612737956,0.15904919934296496,0.10258632663803556,0.23782154758247023,0.08132263263179561,0.06731086090022191,0.09284952531059827,0.28575009486707953,0.04628125522715764,70
SS,2,trans_y,0.044814814814814814,450,0.14703493824444447,0.04138417098121194,0.009748985910949661,0.001323953409373635,0.0006870732757665865,0.0005225998869163584,0.9004345669004006,1.6602320633135597,5.36055638699196,0.34109254676218836,0.09445659091809858,0.3194414253855345,0.42802269650579605,1.0972904421981324,0.580993141514866,70
SS,2,trans_z,0.044814814814814814,450,0.2115734115777778,0.015549647500498996,0.0022971563134003533,0.00011109587289959144,1.6115836378657877e-05,1.3835032933156438e-06,0.052509373494103166,0.10364116857401887,0.060226780617628956,0.23817328683343947,0.053914561691585226,0.06853666095836884,0.10802484962817052,0.3644754779550047,-0.016027287464265672,70
SS,2,rot_x,0.044814814814814814,450,0.6474777492444445,0.17648363776433262,0.040807384258413085,0.0011458847185433774,0.0007184105014568787,0.00016276419482159216,0.17697669454750137,0.4070691824792324,0.398859661748684,0.2190741301158775,0.05651806430418767,0.17077750901828484,0.24157362568623966,0.6844412010631018,0.006199185529216517,70
SS,2,rot_y,0.044814814814814814,450,0.21889963424444445,0.017710811162487346,0.002430212853620467,0.00012573184021555384,8.319064659467398e-05,5.333283938641466e-05,0.05743812256677849,0.4697167500203333,2.194574821170944,0.3196750310284584,0.05565616774835809,0.05858966980209089,0.10081212212554935,0.32688536319348427,-0.0011515472353123982,70
SS,2,rot_z,0.044814814814814814,450,0.2921233715777778,0.16744493233420915,0.04646584743186452,0.0002822018582840924,7.631773642766126e-05,0.00015231669451079566,0.09660365644826752,0.045577811979006955,0.3278035437406929,0.49652136224412197,0.18109523932898236,0.45226721498595085,0.6245134786082185,1.755914376136541,-0.3556635585376834,70
SS,2,FD_Power2012,0.044814814814814814,450,0.8314511857967832,,,0.001097751710364081,,,0.13202840156059203,,,,,0.5380515361425687,0.6689460125271478,1.7998090583770259,-0.4060231345819766,70
OzO,1,trans_x,0.05074074074074074,450,0.2611687279111111,0.10375610333365634,0.014538013309443827,0.00020615172880689148,0.0002662418101956332,0.0003196427034165665,0.0789343082748618,0.2566035169415136,2.1986683917047185,0.6003318225998396,0.10389794564036958,0.22442160961110066,0.34017195463628186,0.852877382081503,-0.14548730133623886,70
OzO,1,trans_y,0.05074074074074074,450,0.31651420331111113,0.2138362424622449,0.048856102194462056,0.0015749657141737594,0.0014069908306863221,0.0013453124523049864,0.4975971686887236,0.6579758484742088,2.753622151333801,0.6018524068027281,0.1819569568098817,0.5172219058039415,0.6227364329824658,1.4411416745941494,-0.019624737115217766,70
OzO,1,trans_z,0.05074074074074074,450,0.47952627999999997,0.29069339657402965,0.02336836698833842,0.001735593348975606,0.0017392704497333766,0.0013499335751559864,0.36193915148417016,0.5983178394251705,5.7767561414524495,0.7381481666815036,0.0821052201120723,0.17395328607951666,0.261294072027927,0.6818814948933674,0.18798586540465353,70
OzO,1,rot_x,0.05074074074074074,450,0.6666286202,0.4405928847460779,0.09591096580836934,0.001158857664936952,0.0012596449330222748,0.0008624388049875836,0.17383857065561853,0.28589770208119275,0.8992077159464136,0.6549192710170894,0.1619471248470181,0.5315068468160152,0.7432093588068807,1.9084322976877344,-0.3576682761603967,70
OzO,1,rot_y,0.05074074074074074,450,0.2814442473111111,0.12492986844182921,0.011071312470311963,0.00020277490379677632,0.0001025499026106047,3.699467309941848e-05,0.07204798312065944,0.08208597662804293,0.33414893851673627,0.6211129624168654,0.07626174734606515,0.15768102622226082,0.2445960451499366,0.8048162162294092,-0.08563304310160137,70
OzO,1,rot_z,0.05074074074074074,450,0.4781350511111111,0.26700825809725326,0.05519647022966626,0.002485885738024385,0.00255855401516325,0.0031838575454826365,0.5199128849155851,0.9582302934732978,5.768226722170758,0.5231678833704815,0.15466044594105907,0.38717318073113133,0.5499765587024303,1.552616046947332,0.13273970418445374,70
OzO,1,FD_Power2012,0.05074074074074074,450,0.9778867681087899,,,0.0003050017318612097,,,0.031189882285765653,,,,,0.20422752899445099,0.3190287229004056,0.8265762420764801,-0.17303764670868535,70
OzO,2,trans_x,0.05,450,0.13954002124444442,0.037104769417771244,0.007963016948728661,0.0006502200759950505,0.0001534805000935266,3.267258231373811e-05,0.4659738978081444,0.41364089442371654,0.41030406596025726,0.5418977429591336,0.1405652187989655,0.2761388255089057,0.35183088395526874,1.082418556335016,0.18983507229923868,70
OzO,2,trans_y,0.05,450,0.26578783664444444,0.13243558411676914,0.022622506794874403,0.0009103460843672972,0.0005713419408844289,0.0010328538265673946,0.3425085571485747,0.4314111986553959,4.565602901272679,0.485821549911862,0.11644734070929466,0.27936213516432545,0.3959372052982382,1.0364481463133532,0.06314642198424923,70
OzO,2,trans_z,0.05,450,0.2971489339777778,0.05785938393160389,0.013852319841163523,0.000397973165310761,0.0010183520869974788,0.000391602201129989,0.13393053778901434,1.7600465435326482,2.826979203629884,0.4944872948357664,0.150232572278046,0.16805671734396432,0.24453941387591935,0.7388648757409074,-0.03412617955494998,70
OzO,2,rot_x,0.05,450,0.6697572094444444,0.365339764680251,0.08942377554330115,0.002974336019706869,0.0033177066009189016,0.004179349251349787,0.44409167647094766,0.9081153823544479,4.673644370255923,0.5625223153015029,0.16195925288459537,0.3721069490928112,0.5544349369585926,1.5838288895030277,0.07198472737813644,70
OzO,2,rot_y,0.05,450,0.18502391824444447,0.06824166380630114,0.013106626139335274,0.0002935783306956541,0.0002970968762996684,0.00021416343191375982,0.15867047540728918,0.43535995421060614,1.634008856566206,0.5048487694264279,0.11576150853303396,0.288714775641273,0.3813006047373226,0.8997859586372938,-0.13004430023398383,70
OzO,2,rot_z,0.05,450,0.45623753120000005,0.23367925115128538,0.06962395244027943,0.010026565229755813,0.010662023362267958,0.008157973755518674,2.197663397700722,4.562674396523677,11.717194255118237,0.5029219471894296,0.18447563775121992,0.4836623908193843,0.6590813090512896,1.922816339317024,1.7140010068813376,70
OzO,2,FD_Power2012,0.05,450,0.975895287339503,,,0.0025275360273572245,,,0.2589966423803339,,,,,0.25231138650092,0.3622060868966655,1.194234689355686,0.006685255879413862,70
EdZ,1,trans_x,0.048888888888888885,450,0.21963644,0.08119860751668345,0.020648196161351533,0.00014058177100934044,7.869101785315524e-05,0.00013972229153351792,0.06400657878507794,0.09691178243048935,0.6766803765408066,0.5283237376408081,0.14668446368386157,0.21772218832653126,0.37868872628953876,1.115221081640801,-0.1537156095414533,71
EdZ,1,trans_y,0.048888888888888885,450,0.6124766694444443,0.19074285108684763,0.04533597397955477,0.007776138428716273,0.0029429144568382526,0.0025447896627006153,1.269621981808667,1.5428701207251572,5.6131796437157,0.5036358828757633,0.1423366664851029,0.41686773323972504,0.5654379227501786,1.8090340263174927,0.8527542485689419,71
EdZ,1,trans_z,0.048888888888888885,450,0.3249484352,0.07428864568260916,0.013846681720918266,0.0008345194561702463,0.00033496782239869627,0.0004526383107801204,0.2568159639410525,0.45090042942741604,3.2689298411208294,0.45598528959218265,0.12708087192151035,0.14333369081638464,0.24026184167554027,0.6677392395972931,0.11348227312466787,71
EdZ,1,rot_x,0.048888888888888885,450,0.4219191889777778,0.2798827885312652,0.07721436844534584,0.0025166121269397657,0.0027357848381314165,0.0035142018830685573,0.5964678053721595,0.9774751968450561,4.551227904630202,0.6009773388340095,0.21211631448457108,0.5385407318640867,0.6272735006471213,1.5170395017769758,0.05792707350807279,71
EdZ,1,rot_y,0.048888888888888885,450,0.25857679024444447,0.08191044116654064,0.017456401390984796,0.000768655106076932,0.000433132824420715,0.0005406447227849706,0.2972637665392502,0.5287882939612882,3.097114409068193,0.5195702958961494,0.14799446230422067,0.187275877361849,0.267046420203004,0.7910404720397495,0.10998788917740117,71
EdZ,1,rot_z,0.048888888888888885,450,0.4853936689777778,0.25354287673075854,0.056827772062814835,0.007640408646398367,0.0062218667272259665,0.006742112509909401,1.5740643388466111,2.4539702347201304,11.864115493489656,0.4589441015204482,0.13953498299477654,0.4451868083207078,0.5823660660571297,1.6358114960713939,1.1288775305259033,71
EdZ,1,FD_Power2012,0.048888888888888885,450,1.0585031337090045,,,0.004823172485460825,,,0.45565972663306015,,,,,0.8165057703388311,0.8779470281334467,2.488457786443119,-0.36084604370577095,71
MaD,1,trans_x,0.045925925925925926,450,0.46941423264444443,0.2872912272152719,0.08100410978153247,0.0031474337763113813,0.00387916058196075,0.0045025941839133,0.6705024171466463,1.3502537545478315,5.558476225535674,0.6254507208711076,0.22161157662989142,0.5477159610474591,0.6838941640899644,1.974445340639144,0.12278645609918715,70
MaD,1,trans_y,0.045925925925925926,450,2.7845749271999995,1.964221124423779,0.640806753685081,0.06853130578713884,0.06466048479545505,0.05287858340323237,2.4611047495155676,3.2919147437854663,8.25187673181408,0.6592750525008473,0.22783716282985575,0.6135251711913403,0.8511696034298555,2.208209003513285,1.847579578324227,70
MaD,1,trans_z,0.045925925925925926,450,0.3486591036444444,0.14983789235931852,0.03951020549451649,0.005732447323833323,0.005012542767165257,0.003761417294639108,1.644141014507729,3.345310514075396,9.520115746199153,0.41658827088752753,0.1112152399245132,0.28621436164920616,0.43104283477703126,1.2261097090994053,1.357926652858523,70
MaD,1,rot_x,0.045925925925925926,450,1.1514382406444446,0.5854319301407189,0.15083150573608328,0.013556769086085385,0.013057065057593964,0.011709640620938322,1.177377006212495,2.230330186202086,7.76339171567193,0.467176068233556,0.14217503367059905,0.27699451332850766,0.4096661680216343,1.169048600586672,0.9003824928839874,70
MaD,1,rot_y,0.045925925925925926,450,0.3060484632,0.17805097238346637,0.05179224469574249,9.162938442819346e-05,3.761472981891889e-05,6.163958038948175e-05,0.029939501564598434,0.021125821058650816,0.11901314714507585,0.6021001220108729,0.2401852053196162,0.385271823952449,0.5906871546024877,1.9808428056749416,-0.35533232238785056,70
MaD,1,rot_z,0.045925925925925926,450,0.6888556179777778,0.3201486414268954,0.11875912432941717,0.0016321295387337065,0.002703416600506603,0.002301506690169236,0.2369334728698341,0.8444254482722572,1.93796199084902,0.44066424705502466,0.168934897840354,0.5618147866182668,0.6653066466768836,1.5428717612644538,-0.32488131374843265,70
MaD,1,FD_Power2012,0.045925925925925926,450,4.913165283309789,,,0.07748002717742608,,,1.5769880048739395,,,,,0.4785096340189223,0.649564481517926,1.746065719990179,1.0984783708550172,70
MaD,2,trans_x,0.03925925925925926,450,1.1461469292444444,0.31674285888263665,0.10029308534768415,0.01530821429875684,0.004768078220951266,0.00538139166788261,1.3356240729841,1.505346714925621,5.365665687945525,0.5263742524062277,0.12755994570196524,0.29243646664108547,0.4110202282649676,0.9913155813622461,1.0431876063430146,70
MaD,2,trans_y,0.03925925925925926,450,7.925495465,1.6517071258145837,0.37956153961500566,0.0584266753296232,0.011040467449129565,0.008532510415866168,0.7371990254444389,0.6684276695654905,2.247991307159521,0.4085667512508241,0.07557119363602283,0.3343554889466374,0.49500975393147806,1.5200380983124488,0.4028435364978015,70
MaD,2,trans_z,0.03925925925925926,450,14.725315604799999,0.4566690410640659,0.11888129915736384,0.20357263553881744,0.005601702888415605,0.0005433608037066495,1.382467045205191,1.2266438897113117,0.4570616300107889,0.41231190655550715,0.13220335287958915,0.41305574455906097,0.6373690601544164,1.7093730472985271,0.9694113006461301,70
MaD,2,rot_x,0.03925925925925926,450,27.013594603200005,1.7454654805128913,0.8587104953387158,0.40358212397254434,0.0073450985458940465,0.004632863598558301,1.4939963744208125,0.4208103012003278,0.5395140298979205,0.29733357646348585,0.09015368053845975,0.5669557578501077,0.8315380108727786,1.8914999450082501,0.9270406165707047,70
MaD,2,rot_y,0.03925925925925926,450,0.9764455572444444,0.17621423714219925,0.08106168130245282,0.013727119265558474,0.0004374054134057559,1.1877135812771167e-05,1.405825359510752,0.2482236512210893,0.01465197319119975,0.4290819882576358,0.10421275400841343,0.7067281544400658,0.9586158262097827,2.2203814389591114,0.6990972050706862,70
MaD,2,rot_z,0.03925925925925926,450,1.7725795782444445,0.4180393797200693,0.1378382212617407,0.009559134388747337,0.008077808030384381,0.008916094703211391,0.5392781518003645,1.9323079169702873,6.468521300982721,0.45450585449521863,0.13716575386097435,0.4952693811827462,0.6439088564781059,1.6849517161499274,0.044008770617618306,70
MaD,2,FD_Power2012,0.03925925925925926,450,4.542228596486218,,,0.08378692147275402,,,1.8446214164027321,,,,,0.35268204011571647,0.5005080765447677,1.4547758322303836,1.4919393762870157,70
RoH,1,trans_x,0.06481481481481481,450,0.6115890432,0.4000060028075762,0.044166577118949155,1.6514971338477125e-05,6.863654456634727e-05,5.209890273391582e-05,0.002700338000181676,0.0171588786379701,0.11796001893831023,0.6195138028629105,0.10678135228479144,0.536455616543777,0.6977226041234634,1.8497709877728505,-0.5337552785435954,70
RoH,1,trans_y,0.06481481481481481,450,1.033567736111111,0.4934111567796349,0.047258539853687,0.0014479704053076414,0.002081439776492555,0.0025323954823549266,0.14009438904853558,0.4218469217594442,5.358598657925643,0.5969855692706282,0.08608205284668613,0.35380100286407257,0.5723008395847669,1.8087219202579132,-0.213706613815537,70
RoH,1,trans_z,0.06481481481481481,450,0.7007672009111111,0.22278704025580726,0.021381597992878705,0.002951975543817875,0.0011661822904837083,0.0012956693160589353,0.4212491024094489,0.5234515836938635,6.059740326660651,0.3899108176474331,0.05476258065883363,0.2124694854065113,0.3019877493892765,0.9162002298001832,0.2087796170029376,70
RoH,1,rot_x,0.06481481481481481,450,1.0493730894444446,0.450356574117017,0.06482585769173634,0.0005132338701225869,0.0008150731645126807,0.00036025991030359805,0.0489086174674349,0.18098396056741003,0.555734892111612,0.43759326192443515,0.09588785254149872,0.2766795982784882,0.4506207290083021,1.3922941520484087,-0.22777098081105332,70
RoH,1,rot_y,0.06481481481481481,450,0.5570391579777777,0.3104416635394664,0.030985612884882153,0.0025058188102932144,0.0006421201046981628,0.0008250263016330826,0.4498460789345765,0.206840827154803,2.6626108855688058,0.5666474928234478,0.08562650188816298,0.29397270269309733,0.4263028383963985,1.3573434893736387,0.15587337624147915,70
RoH,1,rot_z,0.06481481481481481,450,0.5853985152,0.2980801272343453,0.05404005504200351,0.001272005923163344,0.0016831095177210487,0.0005500192298173306,0.21728888784912043,0.5646500266010078,1.017799166543815,0.4601010057424626,0.12709509734512872,0.4464991053884875,0.653722305298918,1.8016656657318366,-0.22921021753936713,70
RoH,1,FD_Power2012,0.06481481481481481,450,2.2655041276755368,,,0.008627373009955974,,,0.38081471159392116,,,,,0.4686942778885158,0.5532941551304549,1.410134761373588,-0.08787956629459467,70
RoH,2,trans_x,0.03777777777777778,450,0.772663885,0.06884634628395686,0.025270367746258467,0.004219063381559973,0.0009723698758152821,0.0010991420021871125,0.5460412300181434,1.4123768773505292,4.349529113401413,0.5160033483144963,0.21516292310291021,0.218172990515636,0.36195027379503075,1.2237355499238118,0.32786823950250743,70
RoH,2,trans_y,0.03777777777777778,450,0.39437187424444453,0.16876321668087874,0.055876936476928374,0.005156540307717894,0.0045903822358589474,0.0014231773618993138,1.3075324698539994,2.7200134757677015,2.546985306696162,0.47739522076505836,0.20783788939685366,0.2466034922503628,0.48338921005281243,1.492370698376893,1.0609289776036366,70
RoH,2,trans_z,0.03777777777777778,450,0.17686442391111112,0.04664867213191436,0.01581064147944345,1.8656926021931586e-05,4.7052516078643913e-05,2.6045583732821342e-05,0.010548716134856053,0.10086571370260564,0.164734516095916,0.37725494543086535,0.18754947809587794,0.1647986144080241,0.2820655446203761,0.9464338599999412,-0.15424989827316804,70
RoH,2,rot_x,0.03777777777777778,450,0.2647245212444445,0.14024025786560002,0.046747049098582794,0.0011867278700839479,0.001238549265187544,0.0015413625092227101,0.4482878520301989,0.8831624271359471,3.297240230013661,0.5188034033616088,0.20750047508196579,0.45278919378701976,0.6520913692478375,1.8013810910833241,-0.004501341756820831,70
RoH,2,rot_y,0.03777777777777778,450,0.1998166322,0.11840110073090068,0.030417990690749318,0.0027653601510751746,0.00175601562626021,0.0019387154786804223,1.38394893389419,1.483107517937052,6.37358166879189,0.5942576771401052,0.25367051092196236,0.4538544048273611,0.5250435080996009,1.2751091072401441,0.9300945290668288,70
RoH,2,rot_z,0.03777777777777778,450,0.5037075889111111,0.1908978996116493,0.05554249089884037,0.000353486458404495,0.00087754636675072,0.0003178320186638592,0.07017691735966171,0.45969409225347435,0.5722322019059735,0.3870009821632695,0.13008523166020616,0.31580061877050813,0.4250328154323371,1.355671047567818,-0.24562370141084644,70
RoH,2,FD_Power2012,0.03777777777777778,450,0.6764897357500741,,,0.008925537503982173,,,1.3193899378363472,,,,,0.27861202959047726,0.4309155906795139,1.3169820700501966,1.0407779082458701,70
HaM,1,trans_x,0.04444444444444444,450,0.2694816103111111,0.10351032948829125,0.026649132053782824,0.0006492073660335218,0.0005489263027570329,9.640193818586176e-05,0.2409097100481272,0.5303106515752378,0.36174513297958455,0.5289448521964573,0.17172450923515561,0.30348016627434443,0.39635705476893085,1.0847824619519852,-0.06257045622621725,70
HaM,1,trans_y,0.04444444444444444,450,0.2554211089111111,0.1304830414992707,0.036586622646962025,0.0039099913040925305,0.0022759095826405396,0.0007380948888013189,1.5308019453682835,1.7442186789102858,2.0173900606335597,0.5785940796454753,0.25750110034897095,0.4859838776067756,0.6458422727765862,1.5047287819626272,1.044818067761508,70
HaM,1,trans_z,0.04444444444444444,450,0.2162335072,0.07305421062243178,0.015623449841089359,0.0014907885586236125,0.0010480806193890746,0.00035537745366628903,0.689434573729012,1.4346614800971573,2.2746413710219975,0.5282725852311357,0.1696549912429809,0.3186535560704154,0.5512482405337188,1.6257585383823097,0.3707810176585966,70
HaM,1,rot_x,0.04444444444444444,450,0.45523782524444445,0.26794001842682935,0.05108465165504649,0.004117707637853352,0.003990625097483491,0.006476240999265394,0.9045179046012505,1.489372554691107,12.677469238699658,0.5258556498460424,0.13510619489868844,0.30861008565744447,0.45374950592795515,1.4088349691844306,0.5959078189438061,70
HaM,1,rot_y,0.04444444444444444,450,0.33963166097777775,0.13031575700950576,0.03112049282640149,0.00013198824904758766,9.108828104950617e-05,0.0002556588103898895,0.03886217458867114,0.06989813291946101,0.8215127305856735,0.4311646158841639,0.11176356473989078,0.34333887545716696,0.4345913508916741,1.1186705929691838,-0.3044767008684958,70
HaM,1,rot_z,0.04444444444444444,450,0.47470705564444443,0.2905433412775769,0.09155833088699736,0.0007322711432030671,0.000898595095791821,0.0012786912429564173,0.1542574803757579,0.30928091204586533,1.396586449937141,0.5826570640231454,0.2335380013018751,0.5628688939512979,0.7769420642269991,1.8650885144526934,-0.40861141357554,70
HaM,1,FD_Power2012,0.04444444444444444,450,0.7792208140474299,,,0.0015617123081173023,,,0.20041973725078696,,,,,0.31583423744714234,0.4672022038871094,1.2133442360011508,-0.11541450019635535,70
HaM,2,trans_x,0.04555555555555555,450,0.3279112726444444,0.1741813183553575,0.045193703087717654,0.00283469260374114,0.0012186456912180732,0.0018555987467108737,0.8644693977369937,0.6996420182857055,4.105878960857208,0.6407086750876243,0.2061896916681123,0.6377208757209559,0.8182173802673236,2.0277721961431365,0.22674852201603773,70
HaM,2,trans_y,0.04555555555555555,450,0.3420589002,0.18305810565466152,0.05130840835261824,7.96378634397299e-05,2.9275699937936217e-05,0.0001564663042008807,0.02328191530557049,0.015992572321907844,0.3049525588974859,0.5495524705396109,0.2280369060528922,0.6505010827700114,0.7753555395132038,2.0081448536668085,-0.6272191674644408,70
HaM,2,trans_z,0.04555555555555555,450,0.3201610345777778,0.13495361258832653,0.034146892338155765,0.0008822761884677011,0.001201099725435334,0.0009992688853132092,0.27557263163870954,0.8900093168304181,2.926383096351715,0.587281332317816,0.20951394438470566,0.3035803583292723,0.4227018664171271,1.1401107832580215,-0.02800772669056279,70
HaM,2,rot_x,0.04555555555555555,450,0.46530420277777773,0.27550926948038157,0.07685300591428232,0.003868975983582268,0.002846442833848273,0.0026224480472857165,0.8314938830307604,1.033156829611122,3.4122907960303506,0.625843349217518,0.2163201902043948,0.6799183029455425,0.8391187472252519,2.4404633285953556,0.15157558008521804,70
HaM,2,rot_y,0.04555555555555555,450,0.31367021131111106,0.19760634697428475,0.04991695358426057,0.0010464866726548339,0.0012414269410113976,0.0014525967467771614,0.3336264123649552,0.6282323214916518,2.910026839528891,0.6796224939194118,0.2130894164307396,0.5744994451180565,0.7641262603527842,2.0105798786262525,-0.24087303275310126,70
HaM,2,rot_z,0.04555555555555555,450,0.3520639889111111,0.212862616393927,0.05613481636624549,0.005024101902396438,0.0044083991050452576,0.004882269922005716,1.4270422595435968,2.0710067271215924,8.697400718569877,0.564207443934674,0.18267213157150228,0.5209716532037486,0.5813086463109365,1.4630836074008702,0.9060706063398483,70
HaM,2,FD_Power2012,0.04555555555555555,450,1.271078446051753,,,0.0017005057717185412,,,0.13378448647293825,,,,,0.32628993344323737,0.45100967487406207,1.2622371899285816,-0.19250544697029914,70
ElL,1,trans_x,0.05259259259259259,450,0.24541074944444446,0.08243128123862306,0.010482457919541926,0.0005145161764795736,0.0003067886062683989,0.00024366878100972114,0.20965510991035405,0.3721749821894719,2.324538604209052,0.5113826678963992,0.11448661978143913,0.20432012473799754,0.3190921824199022,0.9694119562205523,0.0053349851723564785,70
ElL,1,trans_y,0.05259259259259259,450,0.7229955802000001,0.31634496826807784,0.052206682965627554,0.0017189933310558514,0.0023144923084958413,0.0008527273104010635,0.23775986715995298,0.7316355689699128,1.633368109141299,0.49485436412755013,0.13479493018008712,0.2715504922939289,0.3037173470597278,0.7497324356006507,-0.03379062513397591,70
ElL,1,trans_z,0.05259259259259259,450,0.3503401943111111,0.04352241108434579,0.007922030426365748,0.00023369686917767973,0.0007024972436603799,0.00044448860506743695,0.06670569719732213,1.61410460991913,5.610791440387679,0.35406695522153386,0.08276995778669281,0.2258208348010176,0.31199983705799017,0.9511576347658077,-0.1591151376036955,70
ElL,1,rot_x,0.05259259259259259,450,1.5760597482,0.29452750880022177,0.048720862798550174,0.005327895931365623,0.006799237485593912,0.0050375040097614815,0.33805164667459797,2.3085237481860617,10.339521347539408,0.14636329043456836,0.03673318162269772,0.08465072943515457,0.12885598721998473,0.3440988519354005,0.2534009172394434,70
ElL,1,rot_y,0.05259259259259259,450,0.22733087024444443,0.08044861512508268,0.012272135412882388,0.0017760299909043986,0.0014838620378738038,0.0019009195284365819,0.7812533286810842,1.844484253167905,15.489720936758372,0.5226564750292865,0.1083329665571445,0.2720787280156288,0.38201676533187895,1.0986724259588025,0.5091746006654554,70
ElL,1,rot_z,0.05259259259259259,450,1.8492301168000003,0.3510955903165952,0.06257418901185077,0.005136148920425132,0.0038556273928146423,0.0030316726208512723,0.2777452559183375,1.0981702701927665,4.84492515001211,0.17099596776501405,0.042710301993061736,0.10667224803384788,0.12650564789757662,0.32978019330311864,0.17107300788448962,70
ElL,1,FD_Power2012,0.05259259259259259,450,3.8625629877762644,,,0.002986639318685036,,,0.07732273436411943,,,,,0.2580116387040048,0.38385158973859324,0.9152393218794204,-0.18068890433988535,70
ElL,2,trans_x,0.05259259259259259,450,0.35096780944444445,0.10864414229847205,0.024140604522175507,0.00048076014999270944,0.0008457233869253455,0.0009464956382296379,0.13698126638842362,0.7784344089181876,3.920761956728089,0.5738913014836874,0.14710735293879934,0.4048423045258309,0.4345167262192191,1.061494103113707,-0.26786103813740725,70
ElL,2,trans_y,0.05259259259259259,450,0.9509916599999998,0.3017448967053144,0.06752262341259055,0.008982014074051192,0.007906364077480299,0.0068204193017850565,0.9444892580920419,2.6202146792897363,10.100939443820977,0.42873211578033643,0.10199772590049759,0.4035553259686891,0.551745558796918,1.5188348099034263,0.5409339321233528,70
ElL,2,trans_z,0.05259259259259259,450,0.262464045,0.08160481445923257,0.01457392913325547,0.0006969415877750018,0.0003495689359871573,0.00023108267474841564,0.2655379283570067,0.4283680298811193,1.5855893948401356,0.47928203070759373,0.12239583983328252,0.20524299253176964,0.3326332456281347,1.001700552696668,0.06029493582523707,70
ElL,2,rot_x,0.05259259259259259,450,0.9620571235777778,0.3373746522502009,0.07496709720860684,2.728426293963082e-05,0.00016636570287742458,3.6426418188739706e-07,0.0028360335650510896,0.04931185605314707,0.0004858987415155999,0.2749595062478095,0.06964780778893002,0.26863296540858134,0.37921024633115524,1.1149966331582486,-0.2657969318435303,70
ElL,2,rot_y,0.05259259259259259,450,0.2849635844444445,0.12953120342139302,0.023396855461081667,0.0006246806884382394,0.0011308723844712376,0.000944785377558488,0.21921421632034008,0.8730501644397336,4.038086994767498,0.6821209610882331,0.1797929371387015,0.32095163635601787,0.4386318967487422,1.4056465825075435,-0.10173742003567778,70
ElL,2,rot_z,0.05259259259259259,450,0.831659580911111,0.3346486044811225,0.09390384873461706,0.0017927352911518701,0.001595049135407145,0.0025063826997022143,0.21556119021533646,0.4766340316524827,2.6690947532784692,0.34673686569709483,0.12589971793902904,0.24690556427093002,0.37232940977549195,1.0783796284981075,-0.031344374055593566,70
ElL,2,FD_Power2012,0.05259259259259259,450,3.1888023773618333,,,0.012503568072587345,,,0.39210859102945805,,,,,0.591199713497342,0.6727309578599779,1.8438486222551256,-0.19909112246788396,70
TaR,1,trans_x,0.05037037037037037,450,0.4807264705777778,0.2929928739968415,0.08539180504410604,0.00025553073082967837,0.0004995861990907402,0.0003545941309004569,0.053155119692610206,0.1705113821628733,0.4152554577307555,0.6640528137453353,0.23483700015492698,0.564101870128064,0.7914603604441767,2.078073293569775,-0.5109467504354539,70
TaR,1,trans_y,0.05037037037037037,450,4.8637218,3.536828496305227,0.8736216314488434,0.05050643076698691,0.04634787538631491,0.030323515666833556,1.038431736925967,1.310436042763525,3.4710124583962076,0.7179579223035791,0.2212948595174893,0.5986631716894165,0.8138303428076837,2.258207223808437,0.43976856523655045,70
TaR,1,trans_z,0.05037037037037037,450,0.45397499111111117,0.20274249127443633,0.02723632291757499,0.00022132825919607413,4.0192643484648904e-05,9.969760144816486e-05,0.04875340349792609,0.01982447943299825,0.36604648046609933,0.5026025949286815,0.08197029004826771,0.27091296761337214,0.3030241738605732,0.7579279482777694,-0.22215956411544605,70
TaR,1,rot_x,0.05037037037037037,450,3.6476649783111115,1.430707542302632,0.2472759266133146,0.002311623625937731,0.00298432362019474,0.0012411460208822112,0.06337269567470051,0.20859075191507429,0.5019275583680621,0.3399227031844263,0.09442152126846465,0.2886258690184797,0.3254910561699134,0.6957095297338826,-0.22525317334377917,70
TaR,1,rot_y,0.05037037037037037,450,0.2653937752,0.10268798126070058,0.02939293666841857,0.0010984361449992153,0.0010459491947783783,0.0007134699946846658,0.41388918943989433,1.0185702181864495,2.427351859167098,0.522089088017655,0.15188473742325373,0.45166059855281354,0.6540453565919333,1.8281189875548487,-0.03777140911291922,70
TaR,1,rot_z,0.05037037037037037,450,0.5630794956444445,0.30341657429024216,0.08057570085044409,0.0002644803572219301,0.0007800757607978048,0.0011087822829080746,0.046970340647768095,0.2570972804048602,1.3760752574353359,0.5115035537535538,0.18784001037466083,0.35939659304721056,0.4508101731208966,1.4511457992611891,-0.3124262523994425,70
TaR,1,FD_Power2012,0.05037037037037037,450,8.164864017350567,,,0.10080275373171155,,,1.2345919481022936,,,,,0.3563284814447468,0.49498977684670287,1.436281055449344,0.8782634666575467,70
TaR,2,trans_x,0.05037037037037037,450,0.41502348524444443,0.11980058364422508,0.015576059923568683,9.979810917093435e-05,0.00025099189152083534,0.00030314613703407225,0.024046376342330197,0.2095080707337892,1.9462311940349637,0.5445665177128026,0.10163398127988287,0.15058618320284706,0.21205462351919094,0.5168478211613077,-0.12653980686051686,70
TaR,2,trans_y,0.05037037037037037,450,40.08042331664444,3.782517142611297,0.39949676102910336,0.06516448034380318,0.04969689447739922,0.01912082118905506,0.16258431162013684,1.3138577461433658,4.786226836933506,0.4816654626119237,0.07277720413813707,0.11423816729675945,0.1520636645332675,0.4943101152577965,0.04834614432337738,70
TaR,2,trans_z,0.05037037037037037,450,1.7601941369111112,0.17215126461575755,0.018735373474298322,0.0013631674556413564,0.0014033788348062626,4.9029628489238863e-05,0.0774441538609781,0.8152010024083244,0.26169549572363204,0.42601524518718087,0.07219804519349925,0.25099523657620154,0.4157789099282867,1.4709811944114897,-0.17355108271522346,70
TaR,2,rot_x,0.05037037037037037,450,38.397095871111105,2.9675559240119895,0.8305973897309704,0.7581778870427485,0.053441432934575595,0.013368874024124788,1.9745709143935026,1.8008568095433028,1.6095492460498764,0.3734505294414128,0.11637612525581535,0.5369009861725467,0.7818875083022921,2.1651745752947784,1.4376699282209562,70
TaR,2,rot_y,0.05037037037037037,450,0.27441879824444443,0.09485537233426726,0.013001292350464889,0.002262220940020654,0.00027103838277132974,0.00012178643627154019,0.8243680660701429,0.28573856820275745,0.9367256191818919,0.48505175355710106,0.11036494997454846,0.5947161198034662,0.6925241092549402,1.6706749839984283,0.22965194626667673,70
TaR,2,rot_z,0.05037037037037037,450,1.2761647602,0.35945250222167,0.08203793406579263,0.002855365071274818,0.00022171303179902013,0.0013598242425004181,0.22374580150821016,0.06168075905124521,1.6575554443019846,0.4330406995472962,0.12702973258201894,0.3965637520066586,0.5469927019010554,1.7004254302075157,-0.17281795049844845,70
TaR,2,FD_Power2012,0.05037037037037037,450,4.688593135275668,,,0.0019352184429530794,,,0.04127503468776241,,,,,0.33131387785640465,0.5081389182652519,1.4451905511902607,-0.29003884316864226,70
OrS,1,trans_x,0.04962962962962963,450,4.4556057027777785,0.08607216052413601,0.011231074164514637,0.01982217588971391,7.631928216493555e-05,7.94167641672023e-05,0.444881733528532,0.08866895137776216,0.7071163719862621,0.23989016491528548,0.04009286713828386,0.1482296777842417,0.30227287383601226,1.1860887637816417,0.29665205574429027,70
OrS,1,trans_y,0.04962962962962963,450,14.211778027199998,1.1741107873837537,0.08277856200818189,0.03680660295517768,0.0015246668503394734,0.0029992325451653618,0.2589866157825807,0.1298571537475485,3.6231996212605333,0.38090653262370455,0.032541797004951495,0.1290885764766861,0.27028368692365695,0.9825672472231258,0.1298980393058946,70
OrS,1,trans_z,0.04962962962962963,450,6.201643629444446,0.24937854863008363,0.019424052196318785,0.04640249793211915,0.0014059650232505216,0.0008742060127341286,0.7482290293464664,0.5637874752956654,4.500636653456928,0.4155378986139187,0.03696143387972426,0.10858522777661347,0.2494945139021009,1.050110802311149,0.6396438015698529,70
OrS,1,rot_x,0.04962962962962963,450,10.57990962,0.4355248470154152,0.06910943947618393,0.12600318431291235,0.003862956260286099,0.0034075274807336825,1.1909665473391098,0.886965757925947,4.930625261268345,0.466507913934814,0.08312609307142103,0.2947393462058553,0.45159145247547666,1.3635359182618905,0.8962272011332546,70
OrS,1,rot_y,0.04962962962962963,450,1.0532753313111112,0.06947666830755007,0.006682524868021273,0.0025146962123892003,0.00015135660058725187,0.00019025487344418585,0.23875012901507156,0.2178524161769626,2.8470507360868407,0.4349376801920215,0.06195289260357639,0.06035546773988578,0.1199971200177945,0.35156587816823687,0.1783946612751858,70
OrS,1,rot_z,0.04962962962962963,450,2.8787045044444444,0.15312009657630032,0.03281877048815582,0.05003471929040071,0.00442190415091076,0.0036910880151754533,1.7380984819092022,2.8878666156713853,11.246880855903955,0.4859047027829745,0.13078280484853552,0.3116909933106589,0.4849785419152683,1.5414126523156415,1.4264074885985432,70
OrS,1,FD_Power2012,0.04962962962962963,450,1.1816482613155646,,,0.0017699218179376697,,,0.14978415116247557,,,,,0.3756837420449741,0.5411866529764948,1.541369850409603,-0.22589959088249856,70
OrS,2,trans_x,0.056666666666666664,450,0.27117128524444445,0.11227689654024078,0.019212792537251566,0.001718004503531101,0.0014282807293293232,0.001663212634296099,0.6335495670134926,1.272105636458715,8.656797969744929,0.5533015059435971,0.11579736533313735,0.4457994802162353,0.5415818995524296,1.259165166905392,0.18775008679725738,70
OrS,2,trans_y,0.056666666666666664,450,1.025322333977778,0.7495559276056418,0.141302052763731,0.0022174231001708122,0.002841202925227382,0.0028161045329465895,0.21626595136850602,0.3790514917683637,1.9929678853677764,0.6853440952720848,0.18343324159075633,0.621082342906927,0.8115455392438137,2.2472983329718272,-0.40481639153842097,70
OrS,2,trans_z,0.056666666666666664,450,0.6427126459777778,0.19261902335025793,0.02215151431917128,0.002931220596775641,0.00132109032298805,0.0012094272137928574,0.45607016061062383,0.6858566199797321,5.459794740742148,0.47520330375366404,0.06700731176302221,0.24074108562840207,0.31426353447578875,0.8772453963282172,0.21532907498222179,70
OrS,2,rot_x,0.056666666666666664,450,0.8925240889777777,0.44352136466249337,0.08912093632130852,0.001630944188525607,0.001565188616204749,0.001029225378058718,0.18273391258196223,0.35290038787552236,1.1548637397031405,0.42823353185243135,0.1223674242907333,0.3761589406336786,0.4070385731668418,0.9807737175088254,-0.1934250280517164,70
OrS,2,rot_y,0.056666666666666664,450,0.3507350777777778,0.12587869775295937,0.02263948239745186,0.0029804718449965573,0.0022164098116271014,0.002142830897876126,0.8497786602584856,1.7607505091742133,9.46501717776599,0.5469662535605306,0.1215731055395147,0.3618738556390003,0.5064194582808843,1.1171118312385158,0.4879048046194852,70
OrS,2,rot_z,0.056666666666666664,450,0.41744988499999997,0.22308846793185932,0.06206597316534272,0.002977472477777854,0.0019568280561163,0.0025110072815518886,0.7132526764926176,0.877153388634144,4.045706775373692,0.5140731720707203,0.18646705466203226,0.4391463781019853,0.6429919484870125,1.9573402752821145,0.2741062983906323,70
OrS,2,FD_Power2012,0.056666666666666664,450,2.010380882900428,,,0.0015189594941880102,,,0.07555580671840495,,,,,0.4893673790826035,0.5535228193608981,1.5182087886036149,-0.41381157236419863,70
ShR,1,trans_x,0.046296296296296294,450,0.10410865999999999,0.020596339346070892,0.005663233305417256,0.00016787025617495677,0.00020674943609738997,0.00020608310472447228,0.16124523759594714,1.003816419138729,3.6389654744991735,0.39708777376208115,0.08628233180213071,0.16436552141460234,0.22185812190674714,0.5445131000611321,-0.003120283818655199,70
ShR,1,trans_y,0.046296296296296294,450,0.23930638277777777,0.08580747800577826,0.020832912880917456,9.70376569182918e-05,1.4798012021255413e-05,3.547071740166163e-05,0.040549548153256704,0.017245597196387612,0.17026287972505336,0.4046134959407973,0.09397241512856278,0.24414207875156774,0.33789775968740116,0.9439547058965534,-0.20359253059831103,70
ShR,1,trans_z,0.046296296296296294,450,0.12971543057777776,0.024628784437811118,0.0064540656594924825,9.474704372891551e-05,0.0002778464467925179,0.00016117919214703787,0.07304223044775301,1.1281370686161705,2.497328051039881,0.46579276496151534,0.10316863719060153,0.13521499244594518,0.18906109182048592,0.468308152204295,-0.06217276199819215,70
ShR,1,rot_x,0.046296296296296294,450,0.2728882711111111,0.14457307139621867,0.034638886061995805,0.001490395458029814,0.0018301134475486314,0.0011162631394013023,0.5461559238003946,1.2658743636517211,3.2225722773054613,0.5117914046173708,0.13527738938972966,0.34689501298116526,0.5015791530594658,1.4296258893911722,0.19926091081922934,70
ShR,1,rot_y,0.046296296296296294,450,0.0934612562,0.020160998177472838,0.006115737951035506,2.7015689126899667e-05,0.00012100263621720592,0.00010121836885947436,0.028905762906811506,0.6001817725097056,1.6550475129879665,0.49919081415328426,0.13746162345692817,0.2399132856673569,0.33919628387592893,0.9594535581024639,-0.21100752276054538,70
ShR,1,rot_z,0.046296296296296294,450,0.4956063288,0.2803789715238273,0.07529238488447557,0.0006909778855423432,0.0005721416060679996,0.0002077063611592711,0.1394207146658905,0.2040600987151341,0.2758663594969985,0.493107689318132,0.13469588210510577,0.4753673176197928,0.6235092292517377,1.820991312815433,-0.3359466029539022,70
ShR,1,FD_Power2012,0.046296296296296294,450,1.1622418511345778,,,0.004683773019441784,,,0.4029946964024308,,,,,0.34805385374428965,0.481893768784496,1.3529644784103954,0.054940842658141115,70
ShR,2,trans_x,0.046296296296296294,450,0.07532006624444444,0.01492243393184025,0.0036312266348653374,7.720509402037168e-06,7.766448277975874e-05,4.702874588895017e-05,0.010250269001332201,0.5204545259473036,1.2951200962617475,0.45235364918959997,0.10087200041909046,0.20012520799379802,0.31123256126273674,1.0069184992415239,-0.1898749389924658,70
ShR,2,trans_y,0.046296296296296294,450,0.20630773991111107,0.08281430529440781,0.018814844432623712,0.0004613332607051879,0.0006387656641879125,0.0009431147226523912,0.22361413144458667,0.7713228552930291,5.012609729672236,0.44120154515035037,0.0916191881899755,0.2384207598680135,0.37974371703446524,1.1242310181024844,-0.014806628423426858,70
ShR,2,trans_z,0.046296296296296294,450,0.06560086944444445,0.010628456048340933,0.0021257734727373177,3.483748419007282e-05,3.3467867126945466e-05,4.555981760902576e-05,0.05310521717943955,0.3148892649574412,2.143211315472822,0.19542724591544475,0.03480091272859639,0.13804067405177675,0.2188341731066446,0.7782679602249478,-0.08493545687233721,70
ShR,2,rot_x,0.046296296296296294,450,0.21680939031111104,0.11619814328896338,0.02392798898542115,0.0005152441163035759,0.0005328144071846119,0.0003462013181901834,0.23764843190796553,0.45853951887991934,1.4468466965657538,0.5107537004604369,0.10607405292660804,0.35617485953058375,0.6006743807753101,2.1574570524228838,-0.11852642762261822,70
ShR,2,rot_y,0.046296296296296294,450,0.2551091408,0.03416903793618102,0.00784839592569198,0.00027997863953532764,0.0003563489289885591,7.344080942033124e-05,0.10974857218261135,1.0429000946825815,0.935742922702464,0.44096995798827743,0.08443243549360503,0.1350638130816499,0.17036228229607464,0.6559777026897422,-0.025315240899038558,70
ShR,2,rot_z,0.046296296296296294,450,0.3395590012444444,0.17517523478401786,0.04711586948025291,0.001618605142565177,0.001436807015442687,0.0006744121610567366,0.47667861450680943,0.8202112685701247,1.4313906726042582,0.4570407885358858,0.1346932777748738,0.2791227598415506,0.587908530101647,2.1373727046955255,0.19755585466525882,70
ShR,2,FD_Power2012,0.046296296296296294,450,0.6203923203320691,,,0.004662191554421935,,,0.7514908553230423,,,,,0.3311625076712124,0.48403798876937404,1.3204203758393662,0.4203283476518299,70
NH,1,trans_x,0.045925925925925926,450,1.9612834809777775,1.15668207757649,0.29084642208921224,2.0545456898446446e-05,0.00016712486936842907,0.00013248013845079676,0.0010475516210539705,0.014448643461182815,0.04554986012864229,0.5603755478923267,0.2097932145624896,0.4129967416289268,0.6286131384744211,1.7052349253160348,-0.4119491900078728,70
NH,1,trans_y,0.045925925925925926,450,2.379989056111111,1.4848628527469065,0.5060562722875002,0.0015110621828671178,0.0010904047669977324,0.00013411855541578532,0.06349029962920019,0.07343471250429287,0.026502695996541273,0.6510694557236562,0.25801234801785267,0.5902661554778943,0.9894931202980302,3.7454665133883216,-0.5267758558486941,70
NH,1,trans_z,0.045925925925925926,450,1.4531038818000002,0.8629994169631903,0.23993138686437193,0.004723909072047672,0.003360273533339675,0.0016323366400135542,0.3250909402427605,0.38937147201838745,0.6803347662622727,0.6836589869095038,0.2940828262455686,0.4488448474949442,0.5039323840699766,1.1769636767159632,-0.12375390725218369,70
NH,1,rot_x,0.045925925925925926,450,5.106504543200001,2.698710278190656,0.8444769288687624,0.020834354393278964,0.02324254771099632,0.02951503696736557,0.4079963939525466,0.8612464961069934,3.495067296498329,0.4808832894722577,0.17026927979110137,0.3450694590176634,0.5101079133791602,1.5187373976418994,0.0629269349348832,70
NH,1,rot_y,0.045925925925925926,450,0.8078983065777777,0.44027519839863977,0.11149270886193882,0.00010026383634387237,0.00026222330595543353,3.456705216647871e-05,0.012410452593790628,0.05955895469678668,0.031003867893534647,0.5728947726400172,0.1870858342401358,0.4190063624122453,0.551263683673291,1.6550676042926413,-0.4065959098184547,70
NH,1,rot_z,0.045925925925925926,450,0.5207944644444444,0.2797738886624763,0.09487601119389891,0.002773444046342277,0.003299025877046058,0.0039048934242660732,0.5325409995094396,1.1791757596885875,4.115785829450196,0.534579001154027,0.24627255009030702,0.6301437432153717,0.7838900694861413,2.256318913651889,-0.0976027437059321,70
NH,1,FD_Power2012,0.045925925925925926,450,16.230630761230643,,,0.013654356162376757,,,0.08412708269472982,,,,,0.43027507769353124,0.574452474804745,1.5509885344168033,-0.3461479949988014,70
NH,2,trans_x,0.04555555555555555,450,1.2058493289777776,0.6953360677137502,0.2462453166567978,0.016536020881636304,0.018107570637639125,0.018370947252932507,1.3713173349488212,2.6041466103112443,7.460425035630972,0.6021180957662707,0.2430437729714958,0.8146159565616498,0.9424407168521248,2.6690298930462695,0.5567013783871715,70
NH,2,trans_y,0.04555555555555555,450,5.6242083682,3.522291830823583,1.388444224909463,0.12166310221383192,0.12353460678167627,0.13728181480235024,2.163204032441807,3.50722236302582,9.887456214620508,0.6591051970520937,0.3134818045821494,0.9971247260093904,1.1685354009845932,2.847873315011127,1.1660793064324164,70
NH,2,trans_z,0.04555555555555555,450,0.9812270844444445,0.41740577076888663,0.10798668224071413,0.0008169470657289901,0.0016640903000553209,0.001462138099212626,0.08325769627440857,0.3986744833426635,1.3539985384062083,0.636052177002471,0.21618150055522528,0.4086666356888655,0.5354213426399264,1.471251492691777,-0.3254089394144569,70
NH,2,rot_x,0.04555555555555555,450,5.6203532761111115,2.9554167534997404,0.9625877750719615,0.0650012785017049,0.06519375483236534,0.06920767431775432,1.1565336787277756,2.20590733117975,7.189752052749732,0.5014254770300707,0.20467861356475484,0.6469887032565019,0.7292242746298476,1.7984416672983394,0.5095449754712736,70
NH,2,rot_y,0.04555555555555555,450,1.1431568792,0.7017490452168957,0.19185572297728481,0.016609946141898257,0.017021639210739736,0.016650013443606254,1.452989212952309,2.425602047734701,8.678403325804135,0.5838563947769512,0.20496849552737964,0.5554332121791011,0.7537709127302032,2.545162215942972,0.8975560007732077,70
NH,2,rot_z,0.04555555555555555,450,0.8084081027777777,0.5397019888826076,0.21566557017615726,0.03034700879968477,0.028154485887253777,0.03002972946402957,3.7539218985323335,5.216672620670619,13.924211193980135,0.631689691106847,0.29131931988133336,0.8325386813017338,1.0782563065529447,3.638008029621992,2.9213832172306,70
NH,2,FD_Power2012,0.04555555555555555,450,16.783308817391713,,,0.039356756775944746,,,0.23449938986501448,,,,,0.25019475502694266,0.3269514227652592,0.9194558615608337,-0.015695365161928158,70
NiC,1,trans_x,0.05259259259259259,450,0.20918181191111113,0.06023754973428164,0.011565193096542569,0.0012783498851204333,0.001294549503521071,0.0013402022885755233,0.6111190420626293,2.1490739733464514,11.588239620280778,0.5660035674078431,0.16564313278835424,0.2045663831275182,0.30993368136354427,0.7623867251531669,0.4065526589351111,70
NiC,1,trans_y,0.05259259259259259,450,2.275901845,1.5634955576976046,0.4138371847451392,0.02467693416562966,0.025392701394953532,0.020919162649931156,1.084270581345289,1.624098083933586,5.054925806827673,0.6723942935880485,0.22288434289790765,0.6640408703474454,0.7567639887242831,1.6084937603563918,0.4202297109978438,70
NiC,1,trans_z,0.05259259259259259,450,0.14779811777777774,0.06691751255626659,0.014993500924866966,0.0005186147452507783,0.0006083765713158357,0.0005451280627873523,0.3508940120810895,0.9091440313240743,3.635762358097758,0.4375823660605353,0.1381960595905408,0.2718740958516182,0.4250699545617813,1.2115129330378176,0.0790199162294713,70
NiC,1,rot_x,0.05259259259259259,450,2.8349548762,0.8371140072244128,0.2382941261398496,0.005834276306672326,0.005751781619829033,0.006130058478602374,0.20579785433807837,0.6870965687099178,2.5724756954373174,0.2609296394483176,0.08754980071339626,0.22714580769374776,0.3326787442470168,0.974207540933747,-0.0213479533556694,70
NiC,1,rot_y,0.05259259259259259,450,0.2029975849777778,0.10331419105804977,0.0253416005448463,0.004391913195246927,0.004150046267745733,0.004623179587438332,2.163529775848176,4.016917932807431,18.24343959355221,0.5592083800300843,0.17507132210266554,0.42513349831727626,0.5964963385012322,1.6421497355648227,1.7383962775309,70
NiC,1,rot_z,0.05259259259259259,450,0.7306050623111111,0.40442800838843784,0.13086447436671622,0.001669876203768239,0.0016168075107949043,0.001907591026098665,0.22856072177845949,0.39977634517390337,1.4576843985580838,0.5261487042756562,0.2087442402412897,0.33664100391908747,0.4877415780155995,1.279001941045529,-0.10808028214062798,70
NiC,1,FD_Power2012,0.05259259259259259,450,3.7470535638907063,,,0.01716025801845733,,,0.4579667124010683,,,,,0.4270586705430292,0.5903169941829242,1.5354889352023262,0.03090804185803906,70
NiC,2,trans_x,0.04962962962962963,450,0.17192349857777778,0.052370632222306396,0.014092313428220043,0.0019874944352361035,0.001743334263680861,0.0015721115016514575,1.1560341964172893,3.328839446277139,11.155808516884697,0.4806622445200086,0.1521833949670683,0.34079732060203105,0.4374124451181362,1.0528003891179982,0.8152368758152584,70
NiC,2,trans_y,0.04962962962962963,450,1.3969096232000002,0.8738503815498365,0.2666357322904127,0.007493753516684132,0.008943450850457335,0.007968822297440392,0.5364522795338511,1.0234533324338067,2.9886550572152717,0.6654542943673082,0.2337190020440888,0.6681201751825004,0.9223666670909986,2.2000109519648734,-0.13166789564864934,70
NiC,2,trans_z,0.04962962962962963,450,0.4418465472,0.08035225844937124,0.014013874306925769,0.00022907588423987102,0.00020809418922333733,0.0002632021177399694,0.05184512263172236,0.25897739931535885,1.8781538350882228,0.5292424795345441,0.11503645716582536,0.13032797457996645,0.2018444524655274,0.5489749839649676,-0.07848285194824409,70
NiC,2,rot_x,0.04962962962962963,450,1.0051825642,0.4681436862829472,0.17563381669551623,0.0017843821887590927,0.002327372026701746,0.002345841628737605,0.17751821930767755,0.4971490794164159,1.3356434841955422,0.4929457967212176,0.22643375457869486,0.5563891243365036,0.8118148718668249,2.2117268414313105,-0.3788709050288261,70
NiC,2,rot_y,0.04962962962962963,450,0.21853130464444445,0.045300655037006435,0.005556306341098494,2.308445914689372e-05,2.3095739216244526e-07,5.465701387926541e-07,0.010563456427651259,0.0005098323456333567,0.009836933121376385,0.41691205626256844,0.06131661446620869,0.12455901411667752,0.14713899961500013,0.35450872497047237,-0.11399555768902628,70
NiC,2,rot_z,0.04962962962962963,450,0.5154978327999999,0.27509944780393164,0.08292512613502698,0.0024300143103163085,0.0025957226352772422,0.002562324493386614,0.4713917606825502,0.9435579227797145,3.0899253493017076,0.5400912327588726,0.20943324113853945,0.4524961911816177,0.5692326135659287,1.5030585612165477,0.01889556950093246,70
NiC,2,FD_Power2012,0.04962962962962963,450,2.148629141730649,,,0.0003612833778317004,,,0.01681459916999444,,,,,0.6196390005246808,0.8609647934787126,2.129663731292718,-0.6028244013546864,70
ToL,1,trans_x,0.04703703703703704,450,0.19548777057777775,0.04552049951996933,0.007177110914713741,0.0005717609145516056,0.000155269964422812,0.00020758762356401245,0.29247912176896096,0.3410989906969206,2.8923563538420263,0.4349623216260085,0.06799461249755902,0.13780848092145156,0.2166713119593708,0.673884088719603,0.15467064084750937,70
ToL,1,trans_y,0.04703703703703704,450,0.24875306597777777,0.11898773581556843,0.026081741907400893,0.001205113407788616,0.0009869589031276105,0.0004128938378356699,0.484461730371707,0.8294627142560318,1.5830761584160455,0.5228122590880246,0.11755059267091826,0.34548867554038254,0.4621610913142902,1.2583098695134787,0.13897305483132444,70
ToL,1,trans_z,0.04703703703703704,450,0.2184846159111111,0.03235167935180937,0.007605042261724884,0.0008208747009710027,0.000337881881039212,0.0004301892179529535,0.37571281508670146,1.04440291140656,5.656631523509551,0.42104816719380295,0.0943716326569323,0.1630759517887491,0.3125159490648326,0.9879044398357381,0.21263686329795234,70
ToL,1,rot_x,0.04703703703703704,450,0.24290926891111111,0.10516669339853835,0.030354778393188668,0.0008415658760127509,0.0009324273989317761,0.0004305527952435245,0.3464527639415476,0.8866185374853055,1.418402037618356,0.41872707388394104,0.13255801536589343,0.34631352374403374,0.5102948340979283,1.4506642693756873,0.00013924019751387386,70
ToL,1,rot_y,0.04703703703703704,450,0.14025991724444445,0.01727545450831347,0.002767740917736723,0.0006065280543905982,1.97117251171941e-05,7.198039939394427e-05,0.43243149312111984,0.11410249789785978,2.600691377313059,0.3818805566238005,0.053377267956728675,0.1108155964286275,0.16364507048594587,0.44159325806339733,0.32161589669249235,70
ToL,1,rot_z,0.04703703703703704,450,0.5194308431999999,0.28695609243752007,0.10299074947685152,0.0007867960288412412,0.001413167285591932,0.0005672825657011965,0.15147272040953794,0.4924681241607113,0.5508092412015124,0.47215170520070926,0.17477175349496002,0.6588703185634817,0.9161477626945752,2.697582686131335,-0.5073975981539436,70
ToL,1,FD_Power2012,0.04703703703703704,450,0.5893251098798875,,,0.002232929559948027,,,0.37889604948330274,,,,,0.3377625527024082,0.4566214079500054,1.1260384633293463,0.041133496780894556,70
ToL,2,trans_x,0.047407407407407405,450,0.19197586197777777,0.04682471099447824,0.008490689608735147,0.0006192562296233883,0.0005850486968064783,0.00011320517361894551,0.32256983937651,1.2494443305276772,1.3332859736443672,0.46774032506369123,0.06922038488435633,0.19609173658771298,0.32302134400125,0.9224835256261829,0.12647810278879706,70
ToL,2,trans_y,0.047407407407407405,450,0.4720715116444445,0.3072196795952056,0.09286109110735818,0.009869535943138663,0.007142623263840409,0.007203862258372329,2.0906866226175103,2.32492373966784,7.75767565561321,0.645401906601373,0.18277731313435278,0.5586830435002242,0.8140471009704111,1.8673604060872786,1.532003579117286,70
ToL,2,trans_z,0.047407407407407405,450,0.27782246,0.04597112470669759,0.012176792818396518,0.0021792421642226056,0.00037677526941846257,0.0007016575866960525,0.784401003512317,0.8195911494929549,5.762252812875313,0.562119604894566,0.13641180260854036,0.14516042635680065,0.2516603840773667,0.7276643572679897,0.6392405771555164,70
ToL,2,rot_x,0.047407407407407405,450,0.45671730231111113,0.23953168880226483,0.0658513683691273,0.010203606103990404,0.006280985866560618,0.007986876676723528,2.2341185789015308,2.622194123027128,12.128641931862978,0.49751820936166175,0.1416111382578966,0.6623982787838805,0.8892654134234182,2.497637528766203,1.5717203001176503,70
ToL,2,rot_y,0.047407407407407405,450,0.12964353664444445,0.02654112333122481,0.0044630745143277376,0.0005110212277066317,0.0004057169827546975,0.0002524145260691,0.3941740876046444,1.5286353094082645,5.655619803316697,0.5104182083826164,0.07195483417780053,0.09943283088676377,0.149652206790739,0.5024969950036011,0.2947412567178806,70
ToL,2,rot_z,0.047407407407407405,450,0.5612245662444444,0.3176471650436705,0.07442167767798044,0.013541745639001679,0.011356849330664165,0.011855024193427544,2.4128925306351428,3.575303223343048,15.929530969086386,0.48784571715571545,0.1009495385970614,0.3459415503305491,0.4694953800991518,1.3178139128783493,2.066950980304594,70
ToL,2,FD_Power2012,0.047407407407407405,450,1.0677379033838608,,,0.006910020350596735,,,0.6471644706718371,,,,,0.3435564382548865,0.5544223718244665,1.6290162375653099,0.3036080324169506,70
ShL,2,trans_x,0.04296296296296296,450,0.594054925,0.2729897114629337,0.0700197608057503,0.0024574956418368377,0.0013837454310354769,0.0010217088115330036,0.4136815534080182,0.5068855612250283,1.4591720962421466,0.5781889830949613,0.17598325342344306,0.31953738671860415,0.4517173243554187,1.5679377007601099,0.0941441666894141,71
ShL,2,trans_y,0.04296296296296296,450,8.402858073800001,1.1211505190683284,0.2654981683071754,0.04877166819214551,0.031019929472561714,0.03111763741339013,0.5804176122433261,2.766794372832218,11.720471599407695,0.5017482621209197,0.15495283037295465,0.13846434073895553,0.18136565044724215,0.4584023765321006,0.4419532715043705,71
ShL,2,trans_z,0.04296296296296296,450,2.1487772472,0.2930870733826762,0.058775290148765064,0.003824518142955924,0.0019277165031477694,0.001409688847099702,0.1779857892640815,0.6577282583291553,2.3984379209896955,0.4270332761122762,0.0986560875686949,0.3365659698310341,0.4478122441005165,1.3162367177981127,-0.15858018056695258,71
ShL,2,rot_x,0.04296296296296296,450,4.874050659644444,1.6135105376511008,0.5695358261936063,0.0794551055168018,0.032388142401537756,0.024084678998653852,1.6301657710426414,2.007309010121956,4.2288259826637455,0.468763799690642,0.1418124231711571,0.7662933672368981,0.8755296658729053,2.1483436036421084,0.8638724038057433,71
ShL,2,rot_y,0.04296296296296296,450,4.6324451275777765,0.2768682054443381,0.0801578944903371,0.01980681881101809,0.006615023099933892,0.005834282460598403,0.427567262332036,2.38923176076416,7.278487662000299,0.5762948327594994,0.20327118189412707,0.25169445011020225,0.44124531317909144,1.0521004004018146,0.17587281222183376,71
ShL,2,rot_z,0.04296296296296296,450,15.38096422657778,0.6167371815708929,0.12474391990233116,0.04729696441607523,0.0038286051165198343,0.0041336393082795075,0.3075032469963599,0.6207838980565408,3.313700027637387,0.3338068413165842,0.07674211102270669,0.100139441157731,0.20987590566575826,0.7133378480618543,0.2073638058386289,71
ShL,2,FD_Power2012,0.04296296296296296,450,2.776605397325991,,,0.004933392004913273,,,0.1776771020348939,,,,,0.2554033815336408,0.2919232102838593,0.7658614075278398,-0.07772627949874686,71
DaH,1,trans_x,0.047,450,0.3102070761111111,0.07013259162241678,0.009509985686893055,0.0003388387382298186,0.0009341276663106246,0.0007157881018477891,0.10922985461119916,1.3319451694296798,7.526700096239993,0.524314505959799,0.06281995800108084,0.20735666427156282,0.32493432184369436,1.0284802612831698,-0.09812680966036368,70
DaH,1,trans_y,0.047,450,0.3354650062444444,0.1421508068275485,0.023848555359292735,0.0006989775104002671,0.0002269026114962991,0.0005426819010502272,0.20836078201579714,0.15962105074195462,2.2755336450128745,0.3792157924804483,0.0630980274496088,0.13081711226716242,0.21578318201095054,0.7441724969097161,0.07754366974863473,70
DaH,1,trans_z,0.047,450,0.16902722080000002,0.05707690484621243,0.011543472507664864,7.867536436370615e-05,0.00013105974290521238,0.000362074803538736,0.04654597288610578,0.22961956899789632,3.1366194470365683,0.47534028931777367,0.07930367403768447,0.24237212203402064,0.32142468383736644,0.8870854803419622,-0.19582614914791485,70
DaH,1,rot_x,0.047,450,0.9841151539777778,0.3143044380165284,0.09331842481145775,0.0003925570051960259,0.00162540916564613,0.0013577919761677132,0.03988933648763732,0.5171448344489028,1.4550095320522405,0.2925558099006374,0.09226796455097123,0.3735670844336471,0.4873131890143946,1.3164955804432636,-0.33367774794600985,70
DaH,1,rot_y,0.047,450,0.140302265,0.017585770918339745,0.004268237439578656,0.00025441804227929743,7.224183648889965e-05,4.691058479247209e-05,0.18133566288420036,0.41079709740538306,1.0990622114289623,0.506958736688455,0.10875479414352054,0.19438261852637592,0.2635518074927674,0.7325816026311028,-0.01304695564217557,70
DaH,1,rot_z,0.047,450,0.9573107435777777,0.295589285583842,0.07436567029940266,0.0007466877040662734,0.001774186421335311,0.0016096048610857588,0.07799846696336674,0.6002201391809495,2.164446114188643,0.3122249764333621,0.07815140241522293,0.3011923199073606,0.4020505196579299,1.0376572959041184,-0.2231938529439939,70
DaH,1,FD_Power2012,0.047,450,3.47395158116566,,,0.007356763585080195,,,0.21176931840286858,,,,,0.17311982346242513,0.2442969389780253,0.5960809225024237,0.038649494940443466,70
DaH,2,trans_x,0.047407407407407405,450,0.1914418161111111,0.050240584138421245,0.01250260829332683,0.00022892405418356576,0.00044393682665992,0.00041999318790223936,0.11957891898115942,0.8836219448340797,3.3592445516061433,0.48157547788952554,0.12522337400950237,0.19213494378668863,0.3355057561392373,1.0437907999890326,-0.07255602480552921,70
DaH,2,trans_y,0.047407407407407405,450,8.284912015644444,0.08876926728681797,0.013372271153406206,0.0029257620649900673,0.0014591661876231093,0.0008003774657058052,0.03531434080971934,1.6437740585471656,5.9853517515753625,0.2904860245587515,0.036825349777629586,0.27309628028065835,0.4607576987960887,1.183726257546729,-0.237781939470939,70
DaH,2,trans_z,0.047407407407407405,450,1.0600590607999998,0.03539005956008193,0.005769865521690072,0.0021578681929630417,0.0006409377164410951,0.0005520842465100637,0.20356112906903065,1.8110670747896624,9.568407520672174,0.331320168377236,0.04773288685092481,0.46383237569445257,0.6243790239383813,1.602560029582879,-0.26027124662542195,70
DaH,2,rot_x,0.047407407407407405,450,3.1262250689777775,0.5945204923424166,0.09294150071058738,0.0010042844185975675,0.007467656861575245,0.005582803115600957,0.032124507878952914,1.2560806494915933,6.0067925231650525,0.46598550772259056,0.07734461989297016,0.3330898341427596,0.4755173023355165,1.4905998107655,-0.30096532626380673,70
DaH,2,rot_y,0.047407407407407405,450,0.09450175824444444,0.017069143968154864,0.005300126784036275,1.2258148335733687e-05,6.360482642425724e-05,2.388009298263244e-05,0.01297134419872481,0.372630440887498,0.4505570141181929,0.4713221378151281,0.11754525123963239,0.17177753154548106,0.24903774276527893,0.7451513527139795,-0.15880618734675625,70
DaH,2,rot_z,0.047407407407407405,450,1.0062513288,0.4198042752204615,0.08019842654213297,0.00625970572665957,0.008029437980609067,0.005977952481489496,0.6220817351987551,1.9126622701477687,7.45395232704338,0.4662843352202276,0.07649409899728975,0.33115373744296883,0.45732999827680537,1.3470879930377277,0.29092799775578626,70
DaH,2,FD_Power2012,0.047407407407407405,450,1.9723018115900557,,,0.006049803097427198,,,0.30673820111486333,,,,,0.4144449438962019,0.562837422281475,1.5162727430839793,-0.1077067427813386,70
NoaG,2,trans_x,0.0437037037037037,450,0.590090320911111,0.453725986331848,0.19106469578623383,0.0012334859590381608,0.001355047317433633,0.001652078854884137,0.20903341663588626,0.29864882291369854,0.864669869064931,0.774308187057106,0.3996728422601172,0.8447384713027297,1.0290587491196717,2.6572368790469163,-0.6357050546668435,71
NoaG,2,trans_y,0.0437037037037037,450,0.7322850196444444,0.4995313508572065,0.15614393929785725,0.008677345131067327,0.009052383121622543,0.004821280760904878,1.1849682703164606,1.8121751730073516,3.0877155927953712,0.6039287562781862,0.22418929292627227,0.6599937693875384,0.8808340476693013,2.426183298594959,0.5249745009289222,71
NoaG,2,trans_z,0.0437037037037037,450,0.2846604219777777,0.14034871333432358,0.04232461587332165,0.0008920034924466136,0.00109146201041313,0.000582160218502499,0.31335704705596507,0.777678672274798,1.3754648600826413,0.6049833751002998,0.23903796198370014,0.38511806864007736,0.5695242980089106,1.7290229734632927,-0.07176102158411228,71
NoaG,2,rot_x,0.0437037037037037,450,0.6399441777777777,0.35694703584352383,0.08099060592279678,0.012753457105138866,0.010242836671922828,0.005644777102393195,1.9929014979752715,2.8695676510430577,6.9696689363875155,0.5101308240604513,0.15675699764782358,0.28507498286524885,0.4457501993191521,1.3283087754053318,1.7078265151100225,71
NoaG,2,rot_y,0.0437037037037037,450,0.7547424311111112,0.5850854624173552,0.20751898168929414,0.005653214754858138,0.0053733647223566106,0.004568509279158417,0.7490256969567259,0.9183897169749986,2.2014898309392126,0.7674571827655371,0.3636862912969381,0.564753942965701,0.801793965816241,2.140106092496657,0.1842717539910249,71
NoaG,2,rot_z,0.0437037037037037,450,0.660559412911111,0.3655197595188542,0.07424279187209483,0.001624880104942994,0.0013804801929552246,0.0011752549639380133,0.2459854591704453,0.37767594145181005,1.5829886434803497,0.5228304142512218,0.1437397807225383,0.3372467964328496,0.47589078295971754,1.3346182413347139,-0.09126133726240432,71
NoaG,2,FD_Power2012,0.0437037037037037,450,2.8172958639604704,,,0.009242537442553544,,,0.32806413982948396,,,,,0.2759515700289503,0.42678544195838075,1.4701834847024613,0.052112569800533616,71
MaE,1,trans_x,0.05407407407407407,450,0.27433962500000003,0.13219879395499817,0.032042524668157754,0.0011380090744294025,0.0010747858735187243,0.0012533486324667886,0.41481760953394986,0.8130073212956788,3.9115164783263894,0.4272964189154572,0.1006340234558451,0.4363887349953683,0.5758650129073085,1.3643179621461026,-0.021571125461418428,70
MaE,1,trans_y,0.05407407407407407,450,0.7835117288000001,0.37974375162970764,0.09341855510147204,0.005617963707717832,0.005813030381781825,0.004408580395469819,0.7170235621516623,1.530777098197043,4.719169966481692,0.47212283346261164,0.11919991323612648,0.2738703051005537,0.35539690698397897,1.0138458866389044,0.44315325705110864,70
MaE,1,trans_z,0.05407407407407407,450,0.29975090179999997,0.06314121483520475,0.011218088320124123,0.0017726180024281168,0.0005538974093190485,0.00048692150132702283,0.5913636929142067,0.8772359080589305,4.340503367704233,0.39611392060523065,0.06226287082874737,0.1635828791577304,0.2148615915832812,0.5749453600706383,0.4277808137564762,70
MaE,1,rot_x,0.05407407407407407,450,1.279093211111111,0.4918204555042995,0.10428770454010627,0.005896410247440365,0.006569846876852914,0.0062528432971153125,0.460983624666284,1.335822209777015,5.995762707300395,0.356835893025009,0.06235362978214018,0.2507612611273117,0.3178309138334575,0.8002476064125287,0.2102223635389724,70
MaE,1,rot_y,0.05407407407407407,450,0.1489027,0.028927719974616545,0.0066591489499258204,0.00021525145082518238,8.936585298983946e-05,6.1029191427823884e-05,0.14455846054180507,0.3089280906627141,0.9164713372044895,0.3553627157518175,0.07355636442450153,0.11448297105393865,0.16963237225080505,0.5730014179336512,0.03007548948786643,70
MaE,1,rot_z,0.05407407407407407,450,0.5617942315777779,0.2700347438764006,0.07777803910261846,0.0023087636370054954,0.0017601776496811716,0.002198764747259954,0.4109625032142854,0.6518337693933319,2.8269737481539705,0.47912538793188186,0.14656020263035033,0.35454925564168316,0.5863646727958607,1.8300434573567952,0.056413247572602215,70
MaE,1,FD_Power2012,0.05407407407407407,450,3.5970102622485065,,,0.003938557288735822,,,0.1094953030874539,,,,,0.3873046480187637,0.4958317222975599,1.3999949429103775,-0.27780934493130977,70
MaE,2,trans_x,0.04777777777777777,450,0.16164496,0.0661656524071585,0.01519084193376281,0.001163003543039609,0.0011687975886460339,0.0011265086534720282,0.719480238072136,1.7664717963539356,7.415709138334699,0.4299690791751707,0.11732567147119097,0.28306477079265474,0.40280581619813227,1.0324456399235382,0.4364154672794812,70
MaE,2,trans_y,0.04777777777777777,450,0.37653888,0.16937028895096512,0.049474273945902134,0.000740755714203789,0.0009552900446357093,0.0010312420641874764,0.19672755020777374,0.5640245703969237,2.084400602452686,0.464603588118721,0.16646482338080798,0.5472532351315442,0.6969388955784922,1.8397056703557297,-0.3505256849237705,70
MaE,2,trans_z,0.04777777777777777,450,0.1952598528,0.028854853222428915,0.0043919637579290065,0.00016241753981097173,9.986952804164756e-05,8.258148452158776e-05,0.08318020191141501,0.34610998459010994,1.8802861105695543,0.31506253825861374,0.04682622506785077,0.1162964869133516,0.1966301454620796,0.6979260393898625,-0.03311628500193657,70
MaE,2,rot_x,0.04777777777777777,450,0.4500707166444445,0.21592029014258676,0.051509234407199116,0.001067457333143007,0.0011557619530726537,0.001107245701242647,0.23717546902441503,0.5352725083452908,2.1496062094215374,0.4806277362119092,0.15300327719601248,0.3803697847938682,0.512134647793576,1.3910085630959492,-0.14319431576945316,70
MaE,2,rot_y,0.04777777777777777,450,0.1508293543111111,0.012556727630706655,0.00301451885843377,7.087153582513439e-05,4.484407719506679e-05,5.507697126018018e-05,0.0469878931384602,0.35713187793771634,1.8270567824145605,0.32357148614465686,0.09207047947692003,0.12436077983665919,0.18346652501147886,0.49806470293916033,-0.07737288669819899,70
MaE,2,rot_z,0.04777777777777777,450,0.4323405522,0.20626548316233548,0.04492564835953686,0.00033017529472545437,0.00019302423757078246,9.947085505060405e-05,0.07636926331460941,0.09358048404970798,0.22141217474380262,0.4172589866443184,0.11621767567228085,0.369041338695195,0.4974555092993919,1.5158361561327656,-0.2926720753805856,70
MaE,2,FD_Power2012,0.04777777777777777,450,1.408155926421472,,,0.003730634205437955,,,0.26493047647916135,,,,,0.3820361071472447,0.4494615311684798,1.4289100462974123,-0.11710563066808333,70
AmK,1,trans_x,0.045,450,0.28973414631111105,0.09751026086332447,0.024351783002439578,0.0029779638626355465,0.002899195686778863,0.002235423858268859,1.0278263368508402,2.9732211370478527,9.179713280316735,0.5344781676158717,0.17966259239150884,0.2886378510101195,0.37799120394854724,0.9821365706483386,0.7391884858407207,70
AmK,1,trans_y,0.045,450,0.9474596232000001,0.48856495186865945,0.13364468189396506,0.011782075471593934,0.00895312738979348,0.00665185677037422,1.2435438073656933,1.8325357468949885,4.977270083707383,0.5725466601691734,0.1990445520375647,0.444341018356005,0.6151565805416124,1.9624840936259942,0.7992027890096884,70
AmK,1,trans_z,0.045,450,0.37691311680000006,0.1245631998318237,0.0309992516193256,0.0004858707419181929,0.00016089622799203562,0.0006382572829538233,0.1289078889170123,0.1291683484442164,2.0589441667550448,0.4760303142632145,0.1488802657432343,0.3397379398793638,0.44164498280128883,1.138788498550062,-0.2108300509623515,70
AmK,1,rot_x,0.045,450,0.7539817159111111,0.4020816198275473,0.0868518742615213,0.004512807066333169,0.007482792979971786,0.004366893626094659,0.5985300400660108,1.8610134388090542,5.0279785706701325,0.5698273311169134,0.19789672545451328,0.4261885222822186,0.5744155317614128,1.4039062556311663,0.17234151778379223,70
AmK,1,rot_y,0.045,450,0.2320041227777778,0.09932354692258866,0.028466815568455785,0.00043998629903191366,0.0002655101503946933,0.0008721757463995561,0.18964589670389131,0.2673184341691181,3.063833200106928,0.5536482839490846,0.21006199519423727,0.4297501259166486,0.6042973672039366,1.560867505505282,-0.24010422921275726,70
AmK,1,rot_z,0.045,450,0.6063733836444445,0.439788030072351,0.10494168445005982,0.016438267240781457,0.015343635894220164,0.009935232516507006,2.7109150375274824,3.488870738863887,9.467384260670062,0.6379722162732593,0.20400234996185307,0.43896107169103865,0.6430896733337692,1.7672639810651365,2.2719539658364436,70
AmK,1,FD_Power2012,0.045,450,1.629763413562982,,,0.005152560408315576,,,0.316153888683209,,,,,0.574081732065041,0.9076494648627493,2.4497556188992182,-0.257927843381832,70
AmK,2,trans_x,0.043,450,0.37310226924444445,0.16079152458916152,0.05315673528382196,0.0025206536135521374,0.0017664580635812777,0.0025830965561894625,0.6755932143368142,1.0986014767225794,4.859396541938529,0.5732626773046479,0.24590251021600273,0.37681782579727496,0.5130560362356219,1.4624437470776024,0.2987753885395393,70
AmK,2,trans_y,0.043,450,0.687986726311111,0.4045438763229417,0.0787651291056143,0.001988983505705866,0.003153486367676317,0.002150881239377095,0.28910201747212744,0.7795165252134315,2.7307531439363593,0.6160824081781044,0.15348424205209477,0.48073432206512023,0.5950224359921849,1.4139924734296299,-0.1916323045929928,70
AmK,2,trans_z,0.043,450,0.23187931279999996,0.06622729097070651,0.01953361840724213,0.00010909974775280551,0.0003108784804586179,0.0004783852778272313,0.047050229033111714,0.4694114403624404,2.449035646410851,0.5095465760663446,0.21791240972461823,0.22652651526670725,0.3446951918188415,1.1604542592336267,-0.17947628623359554,70
AmK,2,rot_x,0.043,450,0.9432361476444444,0.5277778198933454,0.11207664967595951,0.03088463355820603,0.03176800262320051,0.020679893113674172,3.27432675638382,6.019200016707838,18.451562545333665,0.5500370898079513,0.13403017613364648,0.26534327851758394,0.3497916623957252,1.0436510520711049,3.008983477866236,70
AmK,2,rot_y,0.043,450,0.2589399089111111,0.13742713393703343,0.029407113399263662,0.003912706338716931,0.0030786252355931576,0.003437966376430561,1.5110480092352565,2.240187325018163,11.690934535984228,0.5474767084636039,0.17185131759380748,0.31245442509460114,0.45452797949558243,1.1895402484240574,1.1985935841406554,70
AmK,2,rot_z,0.043,450,0.7728702802,0.46295609864456144,0.15314323869128976,0.007060716874598416,0.007450587749072757,0.006054955549870622,0.9135707576659922,1.6093508155279774,3.953785750918043,0.568645496541994,0.22947650021539712,0.5317684658730926,0.8940795861263376,2.622924822541502,0.3818022917928995,70
AmK,2,FD_Power2012,0.043,450,2.7657610873954344,,,0.05212114415709301,,,1.8845136116285595,,,,,0.37978256560717216,0.532007549385601,1.6209840334445673,1.5047310460213872,70
MoM,1,trans_x,0.04444444444444444,450,0.2723799992,0.07905121114797309,0.02617161331740655,0.003404009997866553,0.002883602637949692,0.0023710949494488223,1.2497283236156764,3.6477652854071785,9.059796660956412,0.44759954614450265,0.17453886629238774,0.436884606876777,0.672544730909012,2.1070954554465926,0.8128437167388993,70
MoM,1,trans_y,0.04444444444444444,450,0.45024572079999997,0.26544952643084907,0.052171568342368135,0.00016262895919177955,0.00015586259028133043,0.0001596042658078417,0.036120045494895364,0.058716469521347375,0.3059219242949771,0.6868066661539289,0.2290675523502568,0.35258811271518165,0.5094743366529048,1.5486322184215373,-0.3164680672202863,70
MoM,1,trans_z,0.04444444444444444,450,0.31927133120000006,0.11048587699032095,0.030992299770030353,0.0006651202680352242,0.0006849758852039145,0.00040916625509378884,0.2083244572994796,0.6199669169154727,1.3202190806422627,0.5264883672660693,0.17249678330612284,0.16806982045362612,0.29735853895638426,1.010368780154277,0.04025463684585347,70
MoM,1,rot_x,0.04444444444444444,450,0.3792615362,0.24515068349775848,0.08371894845353256,0.00022472151804686646,0.0004617408353222441,0.0014822090727354131,0.05925238828552381,0.18834980540711646,1.770458301394098,0.7083597364245188,0.27903248085777316,0.5436210330826956,0.9629616007643039,3.0321123915351604,-0.48436864479717184,70
MoM,1,rot_y,0.04444444444444444,450,0.2090453649777778,0.069190583863501,0.014181039106862942,0.00036026961862581364,0.0002779414961417842,0.0001688127439089318,0.17234040021127064,0.4017042213288826,1.1904116661467674,0.5309619120597698,0.1616527148454918,0.318165408653848,0.4803695436731096,1.5883061412564699,-0.14582500844257737,70
MoM,1,rot_z,0.04444444444444444,450,0.3992636961111111,0.268989949327064,0.06373147309579469,0.004685468990837771,0.004083100203337797,0.0034686173573869605,1.173527429735022,1.517937831339999,5.442550107343803,0.6195031902274019,0.204305721265954,0.5388341277603735,0.7235221753618523,1.8412171710647702,0.6346933019746483,70
MoM,1,FD_Power2012,0.04444444444444444,450,0.6918380642752247,,,0.0018518054954462793,,,0.26766458671022186,,,,,0.5817359610653599,0.7748980368410596,2.1139820972497265,-0.31407137435513793,70
MoM,2,trans_x,0.045925925925925926,450,0.11338259111111113,0.05758950621491846,0.00969829780667375,0.0003453557872738211,0.0003101637683651931,0.00031754641101269104,0.3045933100394434,0.538576884489497,3.2742489181367045,0.6254099807935041,0.14097146208733138,0.3234337521471518,0.47340928382124636,1.2793145799413512,-0.01884044210770843,70
MoM,2,trans_y,0.045925925925925926,450,0.37897171957777775,0.2243024877370353,0.049943546049455445,0.004164328635903547,0.0042844396343492686,0.0034052590877150513,1.0988494446348487,1.9101168594136155,6.818216480550003,0.5959276158072728,0.16326828806566,0.41586316503773113,0.5092409132155099,1.3294848811117117,0.6829862795971176,70
MoM,2,trans_z,0.045925925925925926,450,0.3902284961111111,0.0774987790152647,0.01953037056790271,0.0002089724396094339,0.0002953876323502913,0.00028628913509151643,0.05355130178651342,0.38115133696765685,1.465866375121524,0.508497008743801,0.14804359472457376,0.17209495654704443,0.2760657220322707,0.8353933328684877,-0.11854365476053098,70
MoM,2,rot_x,0.045925925925925926,450,0.34676606257777776,0.20761838370107594,0.06706349969216488,0.01095310973137148,0.010372832311333291,0.009510374252602052,3.1586452405257384,4.996104933688267,14.181148159962731,0.6235302152392818,0.2678434094735528,0.7221160816450436,0.870837960864135,2.3898697702891623,2.436529158880695,70
MoM,2,rot_y,0.045925925925925926,450,0.33040378624444444,0.04931070398771123,0.009340884121201825,0.0013390535435520157,0.0010974166426889892,0.0010098876981454383,0.4052779051876047,2.225514044501327,10.81147871059879,0.5243067070692239,0.14935310493544632,0.17409066190822248,0.3284278650716369,1.0702024028944153,0.2311872432793822,70
MoM,2,rot_z,0.045925925925925926,450,0.47429513824444447,0.27716089993822524,0.1113922114110174,0.0010149373427587038,0.0008059629107328159,0.0007678036428150625,0.2139885613239452,0.29079242812115713,0.6892794685456094,0.5445895535543395,0.24892933653038496,0.7815895161306554,1.0372026499547724,2.5319401032717974,-0.5676009548067104,70
MoM,2,FD_Power2012,0.045925925925925926,450,0.8563436341725357,,,0.003124376202850998,,,0.3648507536194868,,,,,0.7083055899982821,0.8968126250107276,2.146625199521569,-0.34345483637879526,70
TiP,1,trans_x,0.05074074074074074,450,0.3849678818,0.18561363582673246,0.03457812915799842,3.975029203046043e-05,0.0009226136328287227,0.0009711565068964007,0.010325612579574015,0.4970613439682679,2.808586035580118,0.5874602691398825,0.1432028533202086,0.3642314299269655,0.5721466607554422,2.0044438070835557,-0.35390581734739146,70
TiP,1,trans_y,0.05074074074074074,450,0.8302735577777778,0.3811109426057008,0.041370923616423645,1.5456825659398987e-06,0.0007663482711346425,0.0004961038286540945,0.0001861654573315461,0.2010827256480825,1.1991606309150626,0.5874745485419466,0.09842062840801374,0.22301563307132516,0.3598670668702988,0.9555620029365574,-0.2228294676139936,70
TiP,1,trans_z,0.05074074074074074,450,0.7868348522,0.1991129539078533,0.043157135597416685,0.00025296660619655853,6.588209957311686e-05,0.00037214626557493385,0.03214989848114388,0.03308780181303833,0.8623052953431181,0.5664385378916461,0.16933444339964873,0.2801009242363423,0.349985362866363,0.8213600413967802,-0.2479510257551984,70
TiP,1,rot_x,0.05074074074074074,450,0.4905433761111111,0.26144258997866354,0.04738257527111438,0.003176408937623887,0.0025582589486050633,0.0014050175884765398,0.647528657466656,0.9785165258704956,2.965262188551989,0.5147725351061982,0.1447276486340355,0.37316054502774737,0.5684245594839387,1.6215791738349008,0.2743681124389087,70
TiP,1,rot_y,0.05074074074074074,450,0.3386713288,0.10365838747592541,0.01591449993327949,0.0011160467633819504,0.0002446308583981538,0.00014923540327294732,0.3295368306896224,0.23599716757601416,0.9377322812441928,0.5708181807088643,0.11459613682419896,0.19569078869259315,0.28165918281612573,0.8548306827958492,0.13384604199702926,70
TiP,1,rot_z,0.05074074074074074,450,0.7261413729777778,0.23704012715513048,0.06921031480188314,0.00477500052826596,0.0038770044159107953,0.002998766749600465,0.6575855206658346,1.6355899156995881,4.332832119293975,0.3043312045298015,0.09750479416070772,0.26459359633506346,0.3741232040268025,0.978223367209724,0.3929919243307711,70
TiP,1,FD_Power2012,0.05074074074074074,450,2.138564001404187,,,0.0014731750055765325,,,0.06888617804326837,,,,,0.38572238864247144,0.5397829377271,1.4584678028879172,-0.3168362105992031,70
TiP,2,trans_x,0.04703703703703704,450,0.209581085,0.10102877708577687,0.020199892719815753,0.003121380047208855,0.001986172007278672,0.0016937162455574264,1.4893424409978862,1.9659467971114255,8.384778419619622,0.5496334791717346,0.08777427183505335,0.28284437500489107,0.43007912910233054,1.220736307695039,1.2064980659929951,70
TiP,2,trans_y,0.04703703703703704,450,0.5673152008,0.31982336578962894,0.07309385231405235,0.008892762244746999,0.011176607576441067,0.010126412638774021,1.5675170050453193,3.4946188340074977,13.853986782999547,0.6686204180235158,0.1596521556441079,0.515432695118147,0.660325493156467,1.6466803410939812,1.0520843099271722,70
TiP,2,trans_z,0.04703703703703704,450,0.4302901592,0.11561133735641241,0.028083061731321926,0.0028177111353910878,0.001115740498737236,0.0005589202818543221,0.654839780819019,0.9650787926599063,1.9902398363884257,0.5688508587516019,0.12874958192328,0.3620473242724902,0.5320807120828828,1.3498327612927954,0.29279245654652875,70
TiP,2,rot_x,0.04703703703703704,450,0.37146158197777773,0.2374264687428892,0.050596830766060974,0.004282113342696514,0.005192767348355387,0.004305056896560605,1.152774216891341,2.187105496640592,8.50855049887497,0.5772263776855175,0.10898902566684175,0.45239660563774475,0.5820953194700296,1.631739604366014,0.7003776112535962,70
TiP,2,rot_y,0.04703703703703704,450,0.21955562444444443,0.03666836409306526,0.009507861244536005,0.0018817807330405167,0.0013973809212918659,0.0009424964310823045,0.8570860973396177,3.810862458290413,9.912812217615608,0.49733166314060223,0.1179141654773837,0.18109277680473693,0.3245770903970083,1.4136344481501832,0.6759933205348808,70
TiP,2,rot_z,0.04703703703703704,450,0.43078101519999995,0.20221229641406668,0.05601487821390533,0.001497017925901456,0.0006855873209829499,0.00026341864986086094,0.34751251171234443,0.3390433386796045,0.47026550491627955,0.43875961027192806,0.1284206581931191,0.3772967505057749,0.5017331895970549,1.4828820077813258,-0.029784238793430444,70
TiP,2,FD_Power2012,0.04703703703703704,450,1.1280012776596178,,,0.009177734827092499,,,0.8136280524552688,,,,,0.40581914147539055,0.46301521616584473,1.0867261905297985,0.4078089109798783,70
IdS,1,trans_x,0.04925925925925926,450,0.22153976624444446,0.08561172261779244,0.019098191232905154,0.0010171625505923099,0.0010052287854212388,0.001073505722452621,0.4591331695592674,1.1741718945535211,5.620981114709064,0.5414010238425279,0.15568897984147484,0.335580105890917,0.4338813242514493,1.1941264705532337,0.1235530636683504,70
IdS,1,trans_y,0.04925925925925926,450,0.39871203611111117,0.1831886453839945,0.03829276014030575,0.0006420018775322722,0.000620381011478488,0.000637544973137491,0.16101893581997664,0.33865691302977,1.6649230058149591,0.5908844666459175,0.16879674180373436,0.36994224952253935,0.45314678411041853,1.1873801860665367,-0.20892331370256273,70
IdS,1,trans_z,0.04925925925925926,450,0.2717557162,0.0934173898835805,0.019208219680062942,0.0009995306586431663,0.0008145876875161606,0.0010512626262688743,0.3678048331861239,0.8719872055206462,5.472983148771596,0.4795093871491452,0.12043393264849873,0.2383798846205106,0.33354353390380664,0.9903465429394779,0.1294249485656133,70
IdS,1,rot_x,0.04925925925925926,450,0.46194993680000007,0.2771216001621005,0.07710388775531948,0.0009602425599160025,0.0012119223220901643,0.0017776434305039612,0.20786723482803218,0.4373251025474947,2.305517247256212,0.6283009247586394,0.23685551397743376,0.5543105725928911,0.6939659796230506,1.8262111723517087,-0.34644333776485886,70
IdS,1,rot_y,0.04925925925925926,450,0.2314891777777778,0.0796455271746081,0.01753125823854274,0.0003503674352490216,0.0005046069927375496,0.0007059465413276171,0.15135369981976568,0.6335660151150635,4.026787648222435,0.5474619132759581,0.15537881443277424,0.2393534658650629,0.344662437393236,0.9890213379448126,-0.0879997660452972,70
IdS,1,rot_z,0.04925925925925926,450,0.41937537664444446,0.2078774717710619,0.06371064649952275,0.008182067960947947,0.007679148680691528,0.00891879662479466,1.9510129627579167,3.6940745022859773,13.998910880399668,0.5117594941005527,0.20387799042001067,0.4537110057561874,0.6748038835973139,1.8061420198526037,1.4973019570017292,70
IdS,1,FD_Power2012,0.04925925925925926,450,0.7229132114448131,,,0.00014640150308165012,,,0.020251601542742914,,,,,0.4886465164097067,0.6024563515099746,1.6620518191173974,-0.4683949148669638,70
IdS,2,trans_x,0.048,450,0.22294450864444443,0.06331350323731963,0.012862575554237893,0.0003985442441873377,0.00024018353707984386,0.000317962542922488,0.17876387564357668,0.3793559427276639,2.4719974750136835,0.5089054018728495,0.1228831339169656,0.17725813233310825,0.26839588918964,0.8195811042301606,0.001505743310468424,70
IdS,2,trans_y,0.048,450,0.3382863155777778,0.16769451289573967,0.04140593011322784,0.0016513038435541638,0.0011060076699977994,0.0018581986296096337,0.4881379374550849,0.6595371851465618,4.487759662754201,0.5743259017218777,0.16791286770224959,0.46347452749717566,0.6326435354643651,1.7022431928000772,0.02466340995790923,70
IdS,2,trans_z,0.048,450,0.15743782891111113,0.06711762863454536,0.011104716316340248,0.000338074995023252,7.131966372556087e-05,0.00010138469097602763,0.21473555457508756,0.10626070255535328,0.9129876719754036,0.4657181452724749,0.09103465744575207,0.2839686639537403,0.3731164491164172,1.0841037571061094,-0.06923310937865276,70
IdS,2,rot_x,0.048,450,0.3719713761111111,0.2423862028610198,0.05140483452627611,0.005002993736806127,0.004545216088979065,0.003440560588420169,1.3449942813104225,1.8751958796867725,6.693068113392118,0.6546034345200591,0.1718936649979518,0.4050827875236064,0.576842523435624,1.7750331258262246,0.9399114937868162,70
IdS,2,rot_y,0.048,450,0.19732456197777776,0.07769061528261244,0.01674429220211426,6.372935180287698e-05,0.00038047863894312417,0.0004312217938364053,0.03229671520064189,0.4897356489700465,2.5753360526159237,0.583024995165081,0.13736232995478956,0.3731709161866342,0.4958899117167208,1.3241248280034037,-0.3408742009859923,70
IdS,2,rot_z,0.048,450,0.49366238597777773,0.27652714217205215,0.08428755696226051,0.0014072158723765216,0.002267631922952429,0.0013531408897960173,0.2850563284438421,0.820039546621262,1.6053862972940147,0.5568380937720536,0.20612075995619542,0.5364591310317546,0.7459734530552634,2.4329761160843733,-0.2514028025879125,70
IdS,2,FD_Power2012,0.048,450,0.8242096804008416,,,0.008127916634749432,,,0.9861467085410287,,,,,0.33328577024721545,0.47488165386713155,1.4780260983538633,0.6528609382938132,70
DoP,1,trans_x,0.052,450,0.11265414097777779,0.06472141682468548,0.007709773082041296,0.00038630697115964174,0.0003612929966959749,0.00032376512062728523,0.34291413329923204,0.5582278856388906,4.1994118008666845,0.6414532373383093,0.12456529766884789,0.2552834156243063,0.3920722424108477,1.5870373000146802,0.08763071767492574,71
DoP,1,trans_y,0.052,450,0.5090042233111112,0.25112659340060245,0.04860683589913532,0.00042261061633874775,0.0011728842062513345,0.0007403481365303999,0.08302693710272846,0.4670489852822257,1.5231358364216627,0.5129737345355753,0.14617244439585542,0.3468241667339751,0.48236608887492916,1.3082717571484686,-0.26379722963124663,71
DoP,1,trans_z,0.052,450,0.24067995611111115,0.05921544951741828,0.016183060648184866,0.00027278974391542476,0.0004920634300713544,0.00031525425261654666,0.11334128039706388,0.8309713665630682,1.9480508629985662,0.4236696308170327,0.14716315078491424,0.2934719279168456,0.389157529096594,1.0864953670929278,-0.18013064751978175,71
DoP,1,rot_x,0.052,450,0.6053883952000001,0.31585779510481027,0.09383619259198123,0.0007952897312031304,0.0010149168858065716,0.0012364959394214892,0.1313685127611991,0.32132082903630554,1.3177175088486637,0.5607073794073639,0.20473299877852316,0.47420246228395524,0.5991136319339502,1.6045212917758929,-0.3428339495227562,71
DoP,1,rot_y,0.052,450,0.20895090124444443,0.08006834796158459,0.010161117090434237,0.0005525185834637236,0.00024907661930886893,0.00018390657481404636,0.2644250779360608,0.31108000308482897,1.8099050840303534,0.5148493856853636,0.09426519677587558,0.2293224702443745,0.3485413225390831,1.2124628958935835,0.0351026076916863,71
DoP,1,rot_z,0.052,450,0.3858335858,0.22475849865534395,0.06509053542234092,0.0011654829184292725,0.0006770851687536161,9.513767280783236e-05,0.30206880928022944,0.3012500852267628,0.14616206824929331,0.5717446061167915,0.21286991357199703,0.41332010094660726,0.8035835986550244,3.18899553944796,-0.11125129166637779,71
DoP,1,FD_Power2012,0.052,450,1.3418212212115135,,,0.003118151856811746,,,0.23238206457909544,,,,,0.27663515351359597,0.3835110743814357,1.169312964528944,-0.04425308893450052,71
AlS,1,trans_x,0.05814814814814814,450,0.44508033219999993,0.07215831906640413,0.010624486384557106,0.01040486573887428,0.002578061639772991,0.001235143334172033,2.33775006130776,3.572785055317758,11.62544041627591,0.5508857768684001,0.1138651642493296,0.21532227611193497,0.3920124824070966,1.071796201647754,2.1224277851958253,70
AlS,1,trans_y,0.05814814814814814,450,3.885067311111111,0.23158402268130962,0.033916028575669395,0.01797288105453765,0.008630206123134088,0.004595221031223666,0.46261440575652446,3.72659824421929,13.548818137628812,0.46148134567763915,0.10239490329988594,0.39651369349303806,0.5335601585641849,1.3515279997252232,0.0661007122634864,70
AlS,1,trans_z,0.05814814814814814,450,0.9749794592,0.10339079147877794,0.010070601265972416,0.0065763673984547966,0.0006471847734870889,4.06257665670276e-05,0.6745134306573909,0.6259597825207968,0.4034095432245751,0.40047175868898394,0.0390497632176979,0.16202291135127372,0.21024730914671225,0.6222971507987396,0.5124905193061172,70
AlS,1,rot_x,0.05814814814814814,450,1.0840131819777779,0.310403248867721,0.03612874804031893,0.0033864914489876163,0.007159560422546285,0.004014486138304567,0.31240316126128426,2.306535272637351,11.111611544979317,0.554430143242295,0.09551586963147743,0.3428526512317288,0.5525859553058258,1.7937269287757014,-0.030449489970444527,70
AlS,1,rot_y,0.05814814814814814,450,0.7780395311111111,0.04594808487742267,0.00536510096249266,0.00447418062619398,0.00039702812601639936,0.0003767702820442805,0.5750582646879707,0.8640798132839821,7.022613081809194,0.4696365552930452,0.07122773488511422,0.1954437046101653,0.3479063754792886,1.020406743065226,0.3796145600778054,70
AlS,1,rot_z,0.05814814814814814,450,1.0474892752,0.19859475511685395,0.050210584745597975,0.014794184120512366,0.021353252849818066,0.011830078552130086,1.4123470732134868,10.752173609647308,23.560925673480117,0.41392155271574865,0.13313526608906898,0.24321250170303452,0.3932927760556669,1.2618659129805807,1.1691345715104524,70
AlS,1,FD_Power2012,0.05814814814814814,450,0.6267204497111325,,,0.0017740403854050735,,,0.28306725689623863,,,,,0.322945108964305,0.5063989441007231,1.5164895972914114,-0.03987785206806642,70
AlS,2,trans_x,0.035925925925925924,450,0.2475046248,0.16517607867210507,0.05183162798743069,0.007051725444537915,0.006971669110090034,0.005876644466441719,2.8491287588004357,4.220749860474445,11.337950773737651,0.6118727051533833,0.2387309965338613,0.3634635707071186,0.49981129631859944,1.4029971982067502,2.485665188093317,70
AlS,2,trans_y,0.035925925925925924,450,0.5222291807999999,0.342839723982395,0.17398400940118827,0.06228706490567848,0.05823358251560268,0.04900522224087461,11.927151372556638,16.985657857603748,28.16650933010394,0.6293359671176431,0.34479900340476566,0.6374699071805862,0.9267117435090259,2.4290446184059777,11.289681465376052,70
AlS,2,trans_z,0.035925925925925924,450,0.1835965312,0.08901278918552273,0.023588272658226626,0.008940507858125918,0.0065142574947344295,0.0024292690467126975,4.869649660421208,7.31833880764847,10.298630518269288,0.6166125888772694,0.23564505589199355,0.28981296649438437,0.39302964271856444,1.0802221138316945,4.579836693926824,70
AlS,2,rot_x,0.035925925925925924,450,0.4513756694444444,0.3174231632384097,0.1424812912404293,0.0554177856596173,0.05920579891766731,0.04738115776676202,12.277530538548037,18.652009611913265,33.254301216858664,0.6807031592710803,0.3476550831435568,0.7679619742991297,0.8636484933173338,2.0348477779575243,11.509568564248909,70
AlS,2,rot_y,0.035925925925925924,450,0.15911728331111114,0.042577410002501107,0.016051124929386675,0.0010492310238751357,0.0019479009646743012,0.0016111234408008566,0.6594073264961707,4.574963494867059,10.037448763800873,0.5622307451264537,0.2443858117659621,0.24418797008327237,0.40046148103384316,1.0638363752226587,0.4152193564128984,70
AlS,2,rot_z,0.035925925925925924,450,0.5025935795777777,0.24145202352712536,0.09983048280716131,0.03725227026672495,0.0374734928809029,0.03515131267945551,7.41200679444017,15.52005749775505,35.21100138056624,0.41153755520245267,0.1858594989843753,0.30373094048683086,0.5237683940675395,1.7758987434179072,7.10827585395334,70
AlS,2,FD_Power2012,0.035925925925925924,450,1.028874562672183,,,0.0014708947820156748,,,0.14296152664086487,,,,,0.49600864991631705,0.722408531249357,1.9789667421942694,-0.3530471232754522,70
AnF,1,trans_x,0.04259259259259259,450,0.2771844272,0.037006356443848164,0.007009800561363141,0.00025045668102585683,0.00011752340225418961,0.00020966544269736872,0.09035741421546095,0.31757625864225386,2.991032924003714,0.3877304024624079,0.07548946603121756,0.0990044437349413,0.14978147920008483,0.44124613522438916,-0.008647029519480355,70
AnF,1,trans_y,0.04259259259259259,450,0.5058138000000001,0.11269571622008764,0.0240184549810447,0.0030721528841860524,0.002602233738925569,0.0018923241499087147,0.60736834071867,2.3090795517405205,7.878625629342653,0.19515923403084046,0.05030540698710418,0.1344029326877284,0.22544725856843262,0.7888739006612038,0.4729654080309415,70
AnF,1,trans_z,0.04259259259259259,450,0.2670603977777778,0.022343352253370908,0.005305393166185327,0.00018658577806496268,6.61560511660067e-06,1.57013272190391e-05,0.06986650945537105,0.029608829693863793,0.2959503042887326,0.40928707362509065,0.08967697458303472,0.1647406377674355,0.2663943379419101,0.9395556281241055,-0.09487412831206445,70
AnF,1,rot_x,0.04259259259259259,450,0.2795452048000002,0.13993283178322158,0.04053322896955064,0.00017090845871337024,0.000168755422552902,0.0004648004109653464,0.06113803985142445,0.12059744693391987,1.1467144927301836,0.5591023032767871,0.18535010175104719,0.49027014744446684,0.6547214324229856,1.6532287735780062,-0.42913210759304243,70
AnF,1,rot_y,0.04259259259259259,450,0.28444766331111115,0.04165172858739706,0.012110334778544889,0.0005569129327076539,0.001172016862254259,0.001513877721972673,0.19578748730958534,2.813849273494226,12.500709102234845,0.31845738157222625,0.09733801137971006,0.2001643829005511,0.27730469700552846,0.8724941428786165,-0.004376895590965744,70
AnF,1,rot_z,0.04259259259259259,450,0.4984069768,0.17706022246554393,0.05540272399388093,4.786243709514748e-05,3.3151664352026877e-06,0.00012022125722164351,0.009603083287968026,0.0018723383428753016,0.21699520990145102,0.30999383126570834,0.1067212937481755,0.3725213439894578,0.5285576548221516,1.9793519343186066,-0.3629182607014898,70
AnF,1,FD_Power2012,0.04259259259259259,450,1.2407804142816956,,,0.0039059252774644726,,,0.3147958520707038,,,,,0.33271878083295126,0.547467519914756,1.6184115484399964,-0.017922928762247395,70
AnF,2,trans_x,0.04111111111111111,450,0.8165223168,0.05084129535962311,0.00807474277011498,0.002044819865941294,1.7056640915988353e-06,7.359185513358679e-05,0.25043037083849295,0.0033548792955291834,0.9113832753404092,0.4838685698563625,0.09757980203759334,0.24652525603067665,0.37079990837700955,1.052071575984656,0.003905114807816303,70
AnF,2,trans_y,0.04111111111111111,450,2.8137787178,0.10815741846298225,0.03648049206950904,0.03894022721088364,0.005933108908563037,0.005031655945348858,1.383912209035745,5.485623633476137,13.792730470196682,0.28977857023944775,0.10631990899415358,0.2988006978230422,0.4569102508140098,1.2750205727251938,1.0851115112127028,70
AnF,2,trans_z,0.04111111111111111,450,2.017531242777778,0.031454069812387325,0.00862190276648871,0.007265258314687717,5.195612455841797e-05,2.0266422903314485e-05,0.3601063597253028,0.1651809284722719,0.2350574281826195,0.233132407858075,0.0618037900269138,0.23271403111193786,0.4129165027143336,1.3079673160559542,0.12739232861336494,70
AnF,2,rot_x,0.04111111111111111,450,7.434667763577777,0.6487067121184855,0.3884109021620257,0.12401583585897047,0.00921714602396606,0.006372781029278074,1.6680750210052486,1.420849492040181,1.6407317595373954,0.14523707234588587,0.045147770604915434,0.6755902814763632,0.9122885631197521,1.9114977697874544,0.9924847395288854,70
AnF,2,rot_y,0.04111111111111111,450,1.1092806046444443,0.04579730009343476,0.015369656929961702,0.0015527768037326695,0.0004823455071406857,0.00047888608818019186,0.13998052406499778,1.0532182162629977,3.115789053473591,0.39334787740953847,0.14054842504934711,0.2662516578986965,0.42306947451947774,1.280528128054203,-0.1262711338336987,70
AnF,2,rot_z,0.04111111111111111,450,0.4481952673111111,0.10337729452750105,0.033630528797603684,0.0006888333334984509,0.0006781073353911982,0.0006245186511073392,0.15369045229571843,0.6559538421764404,1.8569992011301315,0.4372013868985856,0.14193922410820595,0.2801317388483336,0.3768212265097235,1.0553752904208797,-0.12644128655261516,70
AnF,2,FD_Power2012,0.04111111111111111,450,1.0203709259680067,,,0.0067078290429802845,,,0.6573912360955104,,,,,0.3123135182765655,0.4997487434072968,1.572980683815553,0.34507771781894486,70
RoK,1,trans_x,0.049999999999999996,450,0.1834139353111111,0.04114612347445369,0.01034519070912708,0.00011979568204528723,0.00013833341136190724,0.00016367921752312095,0.06531438401454444,0.33620035055743225,1.5821768986695857,0.4524948366990852,0.12059719977410559,0.264794945396935,0.41507285054014526,1.0662256115440405,-0.19948056138239054,70
RoK,1,trans_y,0.049999999999999996,450,0.3320832427777778,0.13330835746724315,0.03870504842920465,0.0005500564590374957,0.0010036952978595137,0.000916847655197138,0.16563812568090958,0.7529125082095053,2.3688063764450336,0.49188465122911934,0.1742445675983937,0.42010709054694817,0.5452284672090902,1.572656540270442,-0.2544689648660386,70
RoK,1,trans_z,0.049999999999999996,450,0.15462368924444442,0.05034901769709415,0.0105485446345377,0.0019196453197687369,0.0016534820526766109,0.0011318237739393697,1.2414949670059752,3.284040341410752,10.7296675811902,0.5109323984884887,0.13093161375710494,0.3832461578609332,0.6039362117393009,1.70161695384102,0.858248809145042,70
RoK,1,rot_x,0.049999999999999996,450,0.48281658757777784,0.23451861224814546,0.07081395670541873,0.004987018135943211,0.004175604105089048,0.003964263439494117,1.0329011604515022,1.780500091255366,5.5981385929121075,0.48977257624124243,0.18873583327524895,0.5035275752405868,0.6931310383122091,1.933422113703041,0.5293735852109154,70
RoK,1,rot_y,0.049999999999999996,450,0.16285676444444447,0.0861554737064247,0.019142150735811637,2.3767330841112377e-05,2.6834679572873554e-05,0.00017826612474420092,0.014594008988321855,0.03114680753113016,0.9312753159481499,0.5239235584419915,0.1314707859771713,0.31941507478870074,0.4959241941251973,1.7509552664796295,-0.3048210658003789,70
RoK,1,rot_z,0.049999999999999996,450,0.29795139919999997,0.15803997008213722,0.061458475159178655,0.0017269652761299215,0.0011213465036916115,0.0007958632598174878,0.5796130780948927,0.7095334826429165,1.2949609598288705,0.5334484624025552,0.2538286136727124,0.4610809152121715,0.8191853995611249,2.6754767423118393,0.11853216288272121,70
RoK,1,FD_Power2012,0.049999999999999996,450,0.8404297738521403,,,0.0021186364610553676,,,0.25208964829322034,,,,,0.4790790333699056,0.5635298307849163,1.5455451831176379,-0.22698938507668526,70
RoK,2,trans_x,0.047407407407407405,450,0.22426391611111113,0.07562977590736183,0.010737685280085611,0.00038295223343209894,0.0004188406526423605,0.00041853830689093756,0.17075963002553027,0.5538039054292508,3.897844795909315,0.44294339399182514,0.05090827180884462,0.2007701120121057,0.24319363450401843,0.6316238601055577,-0.03001048198657543,70
RoK,2,trans_y,0.047407407407407405,450,1.4032256328,0.18525970907240755,0.04622202688138021,0.009985585359342908,0.0031588272930406502,0.002729716525781134,0.7116165159709665,1.7050805643908484,5.905661672488784,0.39859832337723916,0.0515639294128992,0.36985698809944645,0.5027243644716313,1.2997308132306877,0.3417595278715201,70
RoK,2,trans_z,0.047407407407407405,450,0.80581456,0.04645946473175869,0.008749777224789174,0.0009173747835806711,0.0005369468284845205,0.0005712759239136153,0.1138444040500672,1.1557318440594846,6.529033931231091,0.32917431526919916,0.057497855490467153,0.2550462338154107,0.4147317427304774,1.2694229679709752,-0.1412018297653435,70
RoK,2,rot_x,0.047407407407407405,450,0.581440571111111,0.2231948301152633,0.03611818201470568,0.00019678129320110926,0.0003570689536558924,0.0005984736128752804,0.03384374998550026,0.1599808353408066,1.6569870893047973,0.5978202613443239,0.08310553993798467,0.43331918542289916,0.5240943250842507,1.2423318484104524,-0.3994754354373989,70
RoK,2,rot_y,0.047407407407407405,450,0.164762385,0.07309341825291041,0.022754582625827493,8.239965365147706e-05,0.0001374944517540666,0.00017000814015977542,0.050011204712457305,0.18810784204717623,0.7471380290966463,0.5433513060188346,0.14853062576993897,0.48603903657664155,0.5628079192267793,1.4329834633198557,-0.43602783186418426,70
RoK,2,rot_z,0.047407407407407405,450,0.3513897273111111,0.1480092686573566,0.05271334020619775,0.002409671211451414,0.000694990060052525,0.000879859795968635,0.6857545978622065,0.4695584718153266,1.6691406625474774,0.5062002991104853,0.18585950921743857,0.5708778988116046,0.7213203390736752,1.8947189657508388,0.114876699050602,70
RoK,2,FD_Power2012,0.047407407407407405,450,0.6742526334972958,,,0.015279999457399218,,,2.2662127959579563,,,,,0.3870252010827884,0.6574983745877504,1.8162642301557805,1.8791875948751677,70
AlM,1,trans_x,0.04666666666666666,450,2.8006597116444443,0.0670585179518793,0.01373387986725622,0.021094144574003604,0.0003927921194245426,0.0005718974834737125,0.753184847352194,0.5857453033877178,4.1641363474949875,0.43397519150764996,0.05883525700384806,0.3389474710410442,0.5551903033088269,1.7573050001464432,0.4142373763111498,70
AlM,1,trans_y,0.04666666666666666,450,8.755939971911111,0.5157249547887125,0.10914811652411187,0.08529848857382838,0.008358376026139314,0.009115346349500245,0.9741785444791115,1.6207042045432256,8.35135469102353,0.49456944703596817,0.0744838046217456,0.11929726707513041,0.2288985064202241,0.7752353439353595,0.8548812774039811,70
AlM,1,trans_z,0.04666666666666666,450,4.723814887911111,0.0865814304399738,0.016464112105253104,0.007299211801637284,0.0010041299465938514,0.000947132219672811,0.1545194292078838,1.1597520871291294,5.752707547287748,0.3008172845032627,0.042122656876489924,0.18890997736532578,0.36997686719189826,1.113651510820745,-0.03439054815744197,70
AlM,1,rot_x,0.04666666666666666,450,14.055652455911112,1.5612593454650663,0.8207253125325732,0.08746196935954487,0.02979811653197184,0.03243181060459299,0.6222547806577466,1.9085949184884214,3.9516035522915383,0.21875286801395347,0.051998264031162984,0.6314484558132815,0.9155815960584534,2.4123180177841794,-0.009193675155534826,70
AlM,1,rot_y,0.04666666666666666,450,0.6507160111111111,0.04420186414016462,0.012854116710994718,0.0033749796225212014,0.0005147576312802687,0.0005104996583940261,0.5186563054992843,1.1645609100285144,3.971487655447941,0.4078258944657584,0.056038255200475486,0.48160498029519805,0.7296621833290842,1.97312874889019,0.03705132520408633,70
AlM,1,rot_z,0.04666666666666666,450,1.0864124143111111,0.27422133853070263,0.07726705928574369,0.007382175047410788,0.005702360466610101,0.0032848361829535128,0.6795002478033897,2.0794736460567775,4.251276304959089,0.4495673056574759,0.08727248723893156,0.49381307507123967,0.6583876827991119,1.8380841939848953,0.18568717273215002,70
AlM,1,FD_Power2012,0.04666666666666666,450,2.1329451736131593,,,0.00010605525387941128,,,0.004972244724872893,,,,,0.2770538877774574,0.36556765740398234,1.2616200607856691,-0.27208164305258453,70
AlM,2,trans_x,0.04814814814814815,450,0.33173391111111117,0.20718407913121592,0.071615671975972,0.006351580481659902,0.00626799170784656,0.0051452621007902904,1.9146611995095368,3.025324983526776,7.184547681849014,0.6618692296225431,0.24046158474097065,0.6090575912315245,0.8827585342891624,3.0773321051039257,1.3056036082780123,70
AlM,2,trans_y,0.04814814814814815,450,4.40571252,3.340869421483772,1.018016678857131,0.09301212420255922,0.0895374529039108,0.07260414833293882,2.1111709804106606,2.6800644265870393,7.131921297639971,0.7342718914110671,0.238975418120312,0.5476732989240592,0.8975737488581157,2.6370655206400655,1.5634976814866017,70
AlM,2,trans_z,0.04814814814814815,450,0.4838978113111111,0.2228112100766002,0.07111246170252428,0.0016938456603391439,0.00212375738077783,0.0025260410952457207,0.35004201729073836,0.9531645109093496,3.552177824770836,0.5220690902155612,0.16862109771961145,0.4367901567648744,0.639375721325144,1.8256312864698179,-0.0867481394741361,70
AlM,2,rot_x,0.04814814814814815,450,2.2303041395777776,1.4237613722108198,0.3847533901805746,0.038294161838675844,0.03659969153530995,0.030680246611670514,1.716992815424957,2.5706338330051666,7.97400293140276,0.5776401632394098,0.17517336317462695,0.6246585786190006,0.7669465943031079,2.0572530078840163,1.0923342368059563,70
AlM,2,rot_y,0.04814814814814815,450,0.2546291796444444,0.1379289048498148,0.024019318778732115,0.0019753269312565713,0.0018006392046265862,0.001579162574952931,0.775766129402314,1.305483579810359,6.574551882592104,0.5962811723232997,0.11880235822808487,0.38834660798570225,0.5470131130609031,1.7215202496902302,0.38741952141661173,70
AlM,2,rot_z,0.04814814814814815,450,0.6370196427777779,0.3686903577754048,0.09766685175924827,0.0062180928043805705,0.007545078973879016,0.006882991499019053,0.976122616449636,2.046454108375477,7.04741821307585,0.5391540144374154,0.1823219493249875,0.4654804054778375,0.5771395943407064,1.5958699755510273,0.5106422109717986,70
AlM,2,FD_Power2012,0.04814814814814815,450,5.747080606842773,,,0.002044335493809335,,,0.035571721255749277,,,,,0.40838593638013454,0.6395778600497668,1.678534129585862,-0.3728142151243853,70
ErG,1,trans_x,0.05222222222222222,450,0.25238982097777773,0.10789593908434936,0.019072281959482795,0.0005239891941752894,0.0005536329146120234,0.00038543712567145477,0.20761106456089026,0.5131174716216261,2.0209282061280263,0.5158290677551584,0.1320570976395335,0.24411168079030848,0.31799841749656843,0.9278919858153104,-0.03650061622941822,71
ErG,1,trans_y,0.05222222222222222,450,3.331473156111111,1.8857002517622314,0.5114168980749285,0.0222914929406266,0.022564662287992032,0.022435821387574162,0.6691181917445754,1.1966197844490303,4.386992583160022,0.4878027816008051,0.1705900630332863,0.4949549401545664,0.6529483654195342,1.8379865661369705,0.174163251590009,71
ErG,1,trans_z,0.05222222222222222,450,0.20819460480000002,0.05710142308951611,0.01299998908609999,0.00038813319760555576,6.555030691614283e-06,8.709820707136773e-06,0.1864280767402267,0.011479627541573119,0.06699867707157997,0.4683966033602694,0.14197182270076636,0.2671632152739015,0.372700975143378,0.9069894636358551,-0.0807351385336748,71
ErG,1,rot_x,0.05222222222222222,450,5.0550909248,2.256036554046479,0.7002908178014062,0.09662642832083002,0.09952198681212732,0.05993343553416153,1.911467662169755,4.41136410815784,8.558363755550184,0.39204211240483017,0.16410915264846485,0.38267080419471183,0.5835085569918862,1.7159677633417538,1.5287968579750435,71
ErG,1,rot_y,0.05222222222222222,450,0.0762033,0.034478954975546226,0.0061346228603564945,0.00035766518164698224,0.00031305121339652436,0.00014286042378189746,0.46935655233694895,0.9079486707719304,2.3287564212805667,0.5568330084876844,0.14508842173981104,0.249740482098294,0.3363941379887739,0.9868128105022328,0.21961607023865495,71
ErG,1,rot_z,0.05222222222222222,450,1.9474614641999999,0.89735461471528,0.22164543070487164,0.04004207550336347,0.04183688877117353,0.029783891112406646,2.0561164490005663,4.662247018637986,13.437629197989153,0.3625695532463988,0.11978921190919217,0.2948790918341475,0.39669430321650906,1.0852770834799839,1.7612373571664188,71
ErG,1,FD_Power2012,0.05222222222222222,450,14.789486464353182,,,0.16371369600262042,,,1.1069599772596326,,,,,0.5250079331675293,0.6854384837832915,2.061975450365974,0.5819520440921034,71
SiC,1,trans_x,0.048888888888888885,450,0.2208013802,0.05136400509601774,0.007214499224451281,0.0006946352946440304,0.0003493479652229986,0.0003850692270076662,0.3145973517080535,0.6801415983234602,5.337435281753096,0.41884806304584804,0.06309824490208443,0.12150791479200712,0.2719822584821764,0.9541011489780022,0.19308943691604638,70
SiC,1,trans_y,0.048888888888888885,450,0.41651015611111114,0.24425596932441976,0.0638911009484429,6.880184915236676e-06,2.5187860495295977e-05,0.0002745258704656556,0.0016518648619461922,0.01031207571506331,0.4296777898493015,0.5875616285616236,0.20605536849555203,0.41226492333552267,0.5461595899483332,1.7109281381919288,-0.41061305847357643,70
SiC,1,trans_z,0.048888888888888885,450,0.22796237664444446,0.03528998100033157,0.0067888812965367,0.00025941680297325576,0.00013158159768814764,0.00020976850120292892,0.1137980779073343,0.3728582276281513,3.0898831786901453,0.43611508986325437,0.10197681270512911,0.08981034009731177,0.1530412854012556,0.4923773098324151,0.023987737810022527,70
SiC,1,rot_x,0.048888888888888885,450,0.30201170764444446,0.13909910275927373,0.04106676615370872,0.00032331016192160833,0.0007629805461915051,0.0010230065159628349,0.10705219491101263,0.5485157927380213,2.491081260535163,0.5571644664423264,0.1867141758451768,0.4879453244348308,0.7819912351342339,2.531670100265815,-0.38089312952381815,70
SiC,1,rot_y,0.048888888888888885,450,0.3495056409777778,0.04353356975652437,0.005906748818933823,1.1934136886881941e-05,0.00015971391081800318,0.00011912402069191776,0.0034145763294391967,0.3668752912091866,2.016744309662719,0.4130071970637365,0.06807394094827696,0.08647599207134757,0.16013431930953798,0.41318684588260923,-0.08306141574190837,70
SiC,1,rot_z,0.048888888888888885,450,0.5091732244444445,0.23992237922128076,0.06183650722329696,0.0014491534028913122,0.0035250435670614866,0.0025401378257719417,0.28460911401468014,1.4692433354915733,4.107828756561694,0.41199574850659515,0.1594135992104667,0.5146707344006132,0.7163001626777344,2.040130898842711,-0.23006162038593297,70
SiC,1,FD_Power2012,0.048888888888888885,450,0.7539866423788756,,,0.0009030999598577116,,,0.11977665240969974,,,,,0.42844064727661735,0.6053926010217856,1.516303097960504,-0.3086639948669176,70
SiC,2,trans_x,0.04703703703703704,450,0.25222888720000003,0.07436393300367984,0.015833098745319553,0.002252061360472568,0.0021793914600050646,0.001754365739729891,0.8928641701086519,2.9307103214904178,11.080368839665715,0.5153303121124695,0.10965033355398025,0.21848537277312238,0.3279694839585025,1.0242513853094586,0.6743787973355296,70
SiC,2,trans_y,0.04703703703703704,450,0.3394877922,0.19548740656288033,0.05200580556921362,0.004768691722346119,0.005107874422318415,0.004717969726702451,1.404672518986124,2.6128918031737354,9.07200585600657,0.5520465821680971,0.13927609428046675,0.4765552651354682,0.6322502411221884,1.769433499630918,0.9281172538506559,70
SiC,2,trans_z,0.04703703703703704,450,0.32527126,0.060498344575714985,0.006570436259866325,0.0006309242665319403,2.7291024784853457e-05,3.0344803893826364e-05,0.19396864836196728,0.045110366202992795,0.4618384943352867,0.4456990593377094,0.05731247027311665,0.22631477256249644,0.3407587307992355,0.9769162121961494,-0.03234612420052914,70
SiC,2,rot_x,0.04703703703703704,450,0.4261147232000001,0.23569060943436249,0.04119210332951882,0.0009357225889732868,0.0012213257279376222,0.0012512775477992039,0.21959405249982372,0.518190237137025,3.037663645843793,0.5908714164284036,0.14626032795296,0.40208973946999577,0.5830395336525558,1.9816277877374888,-0.18249568697017204,70
SiC,2,rot_y,0.04703703703703704,450,0.34518282499999997,0.06256896814701214,0.0078060689724523714,0.00034880100513662304,0.00017006721061509078,0.00015106031235399917,0.101048192399672,0.2718075999199805,1.9351649708334788,0.2884970317699643,0.0607226830909304,0.10822044039836966,0.19680565251015936,0.8222281486049093,-0.007172247998697657,70
SiC,2,rot_z,0.04703703703703704,450,0.3587813432000001,0.1298871331051112,0.033256473317187715,0.00033541529814351545,0.0006905844055538901,0.00040775526024432185,0.09348738570180908,0.5316803820706663,1.2260929063503088,0.3937829540454427,0.08922363926895087,0.2856060045220275,0.46235940773384526,1.3340897462823071,-0.19211861882021844,70
SiC,2,FD_Power2012,0.04703703703703704,450,0.6464723376242514,,,0.00010250682813528478,,,0.015856336330181037,,,,,0.4556979276983644,0.5533905425125796,1.453471705564296,-0.43984159136818346,70
AzN,1,trans_x,0.044814814814814814,450,0.13741461724444443,0.0557720045806781,0.009812362882714695,0.00027580390771742014,0.0003976004574002545,0.00023315204440565833,0.20070929370402962,0.712903293309276,2.3761049931854368,0.618331008635991,0.1678335207145735,0.24424062841747002,0.32295019235893163,0.8022207144685137,-0.04353133471344038,70
AzN,1,trans_y,0.044814814814814814,450,0.3351134450000002,0.14038361641477326,0.04812936474281025,0.007658793953828014,0.005761899304680462,0.0037383363688365118,2.285433207201821,4.104395834665297,7.767267215790458,0.5494790656381626,0.21938429531732193,0.7062828714130158,0.9097124025822301,2.6652465963400225,1.579150335788805,70
AzN,1,trans_z,0.044814814814814814,450,0.11907714524444445,0.03434895971530209,0.008052691659813035,7.838320818219502e-05,0.00034672069584745085,0.0001364129376830482,0.06582556881195638,1.009406685737241,1.694004234184417,0.5065098135077398,0.16729840056666231,0.3596296621316039,0.5474807326005358,1.9070787862463294,-0.2938040933196475,70
AzN,1,rot_x,0.044814814814814814,450,0.43934129397777794,0.18837346711662223,0.054938098226058316,0.0006481477756088982,0.00037362394876047644,0.0001643662077871061,0.14752716953614695,0.19834213091654007,0.29918437859056374,0.3682579831938137,0.1280287362254159,0.32488955451052876,0.4993562472595083,1.6073402174721085,-0.1773623849743818,70
AzN,1,rot_y,0.044814814814814814,450,0.13655934224444446,0.07174740867917839,0.008374433605450728,0.0003409314999648638,0.00035746421031308817,7.967858083656257e-05,0.24965812983676233,0.4982259525378884,0.9514503856678928,0.5907013305518465,0.11600994872978354,0.16712568585686827,0.22460098787210045,0.5450790800705488,0.0825324439798941,70
AzN,1,rot_z,0.044814814814814814,450,0.32830722079999985,0.19745463821613038,0.05943149464724349,0.00043886866862330454,0.0005068475392307759,0.0006195155992641879,0.13367621569635144,0.25669062211442684,1.0424028588567928,0.586949846763439,0.2192132073349675,0.5668789622473759,0.946615181223198,2.7191310990169604,-0.4332027465510245,70
AzN,1,FD_Power2012,0.044814814814814814,450,0.6366929461895425,,,0.00321086268856563,,,0.5043031665077943,,,,,0.503201568931964,0.6904218783672857,2.017246196575547,0.0011015975758302786,70
AzN,2,trans_x,0.04518518518518518,450,0.1475914368,0.05964261186775854,0.008237868640893467,4.9406792275247247e-05,0.00034660722786606507,0.00010759548433918013,0.03347537861711991,0.5811402569601972,1.306108279088928,0.4862111460119611,0.10699782665577144,0.17122838532625978,0.2487888573940872,0.6863539795859472,-0.1377530067091399,70
AzN,2,trans_y,0.04518518518518518,450,0.2863899778,0.15585401100534746,0.031858031604251505,0.0003388311715105674,0.0007502340536513774,0.0009952345917448313,0.11831111343819078,0.4813697439109452,3.123967620184091,0.5395708024176147,0.1375534605595511,0.3262057417872539,0.5418651086341221,1.5815014502165583,-0.2078946283490631,70
AzN,2,trans_z,0.04518518518518518,450,0.2669288732444444,0.02233547910695444,0.005078074880723703,0.0010966611810629412,0.00015799753763858296,0.00021273941135788437,0.41084397043052595,0.7073836960559685,4.189371294335182,0.337476282199282,0.08259878979159116,0.09612850180326865,0.17193922835128236,0.49013952011832607,0.3147154686272573,70
AzN,2,rot_x,0.04518518518518518,450,0.4444603825777777,0.17459302288249137,0.046208540393877215,6.029015206299171e-05,5.130979468728758e-05,0.0005233641563298225,0.013564797769673278,0.029388227456157445,1.1326134776574115,0.3471092189840861,0.14264408818103633,0.24643233246647492,0.3519987822457582,0.896144011290182,-0.23286753469680166,70
AzN,2,rot_y,0.04518518518518518,450,0.3479178663111111,0.03489270890618387,0.0063008513921580765,0.0048763616510402175,0.0011904952431039603,0.0010902748674326383,1.4015841447704598,3.41187394279088,17.303611838704438,0.3688253802846158,0.068709645568598,0.1465838170125842,0.2395287077189534,0.7675280692586509,1.2550003277578756,70
AzN,2,rot_z,0.04518518518518518,450,0.3421313302444444,0.17876457652313069,0.04263276919565656,9.420100683876775e-05,1.3329351649632448e-05,0.0003638479521177185,0.02753358097063588,0.007456371899221174,0.8534466772446662,0.5280661912711115,0.14881597170211508,0.41449133259129584,0.5413687970456749,1.2887725457843167,-0.38695775162065993,70
AzN,2,FD_Power2012,0.04518518518518518,450,0.6639077362829218,,,0.0020850792396915896,,,0.31406159707755554,,,,,0.32615431732185507,0.44564997012397145,1.2185158839608443,-0.012092720244299537,70
TzS,1,trans_x,0.05296296296296296,450,0.373641685,0.2451014781799289,0.05492501306575755,0.0010890461363429194,0.0004137996846322878,0.0011867801603618333,0.2914680508259991,0.1688279025100443,2.1607280437803293,0.6777037057168914,0.21684843382703722,0.45174160495126037,0.7511146138623089,2.362582426574827,-0.1602735541252613,70
TzS,1,trans_y,0.05296296296296296,450,0.5695802098,0.2881903571029554,0.06181016860065617,0.0011187755356130147,0.00037204186414513396,0.0005528836288747896,0.1964210687737653,0.12909587533916786,0.8944865244533895,0.6031644699518295,0.1702496178536928,0.41310459412204614,0.6238130751654413,1.9281122826953525,-0.21668352534828086,70
TzS,1,trans_z,0.05296296296296296,450,0.41910586064444444,0.12155550629838971,0.02890650927970681,0.0017658098599224181,0.0028885633957046464,0.0011108917763233694,0.42132788532405485,2.37633282412885,3.84305059311761,0.4965101101757237,0.16928557918797812,0.273198775014619,0.43148468028637804,1.1972933510969823,0.14812911030943587,70
TzS,1,rot_x,0.05296296296296296,450,1.132028913977778,0.5516931992741599,0.10911540354123267,0.0032100897613898116,0.0031028276308503466,0.0033516428194419745,0.2835695910018803,0.5624190464795668,3.0716495661178134,0.439210498328528,0.10112654608092105,0.29593823242408235,0.45089183166376784,1.104746505848999,-0.012368641422202085,70
TzS,1,rot_y,0.05296296296296296,450,0.3079932752,0.13426953553766804,0.029805517280071886,0.00028892097023985874,0.0006262296283481572,0.0006595869766580012,0.09380755799042807,0.4663974041769694,2.212969399121968,0.5401814047629997,0.15036747387335847,0.3727490464869361,0.45730164969306974,1.2956162775171773,-0.278941488496508,70
TzS,1,rot_z,0.05296296296296296,450,0.4615343272,0.2534038586045557,0.0679134084411015,0.0038478776541270854,0.005399921465732482,0.0018484746565256144,0.8337142932511837,2.130954712161357,2.7218110516846172,0.5523477862459587,0.20325946236992426,0.40674911209357634,0.6322558760986253,2.1681795327822764,0.4269651811576074,70
TzS,1,FD_Power2012,0.05296296296296296,450,2.0651864539973563,,,0.007476952247870816,,,0.3620473218482764,,,,,0.32721244202080335,0.4512458257039105,1.181553394676039,0.03483487982747307,70
TzS,2,trans_x,0.04777777777777777,450,0.9290530408000001,0.5049882642573611,0.14014811596116403,0.005054828663329514,0.003717123202161554,0.002410456602321809,0.5440839695198502,0.7360811062862973,1.7199350742537005,0.6615118229725786,0.2347548448058118,0.23511977562893577,0.39936464044044917,1.1589677777576062,0.3089641938909144,70
TzS,2,trans_y,0.04777777777777777,450,0.8885056928,0.49200521503712874,0.13458679882560048,0.027400305460092977,0.03018525575655706,0.027611257472199724,3.0838638043775264,6.135149554111771,20.515576351569806,0.5508332013352485,0.18383101404454374,0.46341034406117076,0.7003476359938535,1.922236172827231,2.6204534603163556,70
TzS,2,trans_z,0.04777777777777777,450,0.3513299928,0.1770173062509464,0.0443176964466496,0.003700390142648502,0.0028960390531432567,0.002819717726527282,1.0532519905737185,1.6360202934269732,6.362509680352421,0.5504499448831593,0.16062555351746266,0.4950665649408964,0.5892838555775629,1.6935232894166259,0.5581854256328221,70
TzS,2,rot_x,0.04777777777777777,450,0.8965603017999999,0.4740938029343402,0.12939481961850074,0.0024149143168102905,0.0019492190912588359,0.0010591320178831576,0.26935325063600657,0.41114629197732705,0.8185273730477258,0.5648505940837031,0.1975321097971112,0.29077037442035275,0.48469827028633705,1.6133581420718766,-0.021417123784346192,70
TzS,2,rot_y,0.04777777777777777,450,0.3590268752,0.20679928045153725,0.052714308890685416,0.00420625377150502,0.003522282060622356,0.004274016837046167,1.1715707268883084,1.703237096827226,8.107887454067301,0.6420140643811002,0.17550559375139568,0.46148236126534165,0.6299734850900729,1.6304972439387246,0.7100883656229668,70
TzS,2,rot_z,0.04777777777777777,450,0.6937029892444444,0.45369421721079356,0.1635295680093277,0.004339893965305985,0.00413687817457159,0.002592343481927162,0.6256126948555948,0.9118207853748178,1.5852444995019463,0.6248837838553166,0.23703916087508606,0.9450699094095651,1.185351440748716,3.219130471965263,-0.3194572145539703,70
TzS,2,FD_Power2012,0.04777777777777777,450,5.26203202084089,,,0.07587634749350425,,,1.4419590605489883,,,,,0.3868841655739771,0.617401472902714,1.4353270681091668,1.0550748949750113,70
NoL,1,trans_x,0.05074074074074074,450,0.2566822472,0.11269727714512523,0.01589760159800492,1.8878564636726214e-05,5.178902556904341e-05,4.804385259543978e-05,0.00735483845987079,0.04595410544156485,0.30220818089609863,0.5798977724337314,0.11341896087170118,0.22501072725636706,0.328893222647949,0.8385999401230285,-0.21765588879649628,70
NoL,1,trans_y,0.05074074074074074,450,0.7834702209777777,0.4705171086316906,0.1461902398552732,0.008769607283721559,0.009096717932731091,0.008255315023797755,1.1193287311899374,1.933344774472756,5.646967288630505,0.6390687947637356,0.24017983183390065,0.7979721757080518,0.9279225418059195,2.6952765852565617,0.3213565554818856,70
NoL,1,trans_z,0.05074074074074074,450,0.42998694719999997,0.19640546141891485,0.034890499407904015,5.481919083205611e-05,0.00010276179141038844,0.00015310958129872987,0.012749036032146818,0.05232124945406021,0.4388288614293803,0.6146782505196449,0.16330430953775796,0.31022995189578423,0.44317566497610056,1.0627254249302251,-0.2974809158636374,70
NoL,1,rot_x,0.05074074074074074,450,1.0669193932444445,0.5099731175684616,0.14470914739036922,0.012801164226335038,0.011864316125710594,0.010093726450118023,1.1998248703125909,2.326459124410192,6.975182033855165,0.44069760985183354,0.16610679280012844,0.4249716667317215,0.6293264547542575,1.843336406490324,0.7748532035808694,70
NoL,1,rot_y,0.05074074074074074,450,0.3329975242,0.16718633232361613,0.030787662762043345,0.0014304940227269358,0.0016831110926994741,0.0015916925170258653,0.4295809784663065,1.0067276847975473,5.1699037024278045,0.6084232620762878,0.16570734382042648,0.3428719602450342,0.48025917347674935,1.2946741307504461,0.08670901822127228,70
NoL,1,rot_z,0.05074074074074074,450,0.4698497232,0.25830083486893085,0.05942477068523602,0.001958652668683558,0.001636422120143477,0.0018830133313750552,0.41686789881321745,0.6335334227525218,3.168734703830984,0.49187616879522844,0.15447560449697534,0.29169132512536466,0.545262434639389,2.072594112165569,0.1251765736878528,70
NoL,1,FD_Power2012,0.05074074074074074,450,2.343351144801823,,,0.02165763479530103,,,0.9242163660936361,,,,,0.589062637742754,0.9121798024018061,2.7863459844663923,0.33515372835088203,70
NoL,2,trans_x,0.05037037037037037,450,0.3128229942444445,0.167280757264863,0.05054778389009448,0.009985556849677724,0.009478101238060005,0.009349859219168019,3.192078917918311,5.6659841771596655,18.497070493727914,0.6532705033132163,0.25191248898602775,0.5080691027979235,0.908891307499956,2.5706966201299144,2.6840098151203877,70
NoL,2,trans_y,0.05037037037037037,450,0.8906906057999999,0.494702997433408,0.16432041502161832,0.0005321717961088712,0.00020630874357052686,0.00025947545763743696,0.05974822150850974,0.0417035564047291,0.15790822923816245,0.5439328017850955,0.2361658410237265,0.5570145426284822,0.7636949922686601,2.0198853635649767,-0.4972663211199724,70
NoL,2,trans_z,0.05037037037037037,450,0.5453801606444445,0.3017458614996905,0.07823731465217239,0.007958164205370433,0.007966384513264368,0.007951678539294765,1.4591957646509777,2.640097356653403,10.163537149308297,0.6626782643298763,0.24969932906185116,0.7597883293125913,0.8499609201409704,2.2748230023892435,0.6994074353383865,70
NoL,2,rot_x,0.05037037037037037,450,0.9712928922,0.5422187781871073,0.16850109317633996,0.007626555309644623,0.008072717278267083,0.008411638074696692,0.7851962441905969,1.488830266125784,4.992037687193955,0.5243613804740505,0.209507882925794,0.4946060224460756,0.6142961821722357,1.484613228620268,0.2905902217445213,70
NoL,2,rot_y,0.05037037037037037,450,0.2536921032,0.16640959542043637,0.0451585388400475,0.0029600495143179417,0.0029296752866818654,0.002694464185693593,1.1667881959985034,1.7605206474302133,5.966677077921945,0.6606515335803249,0.2232624445993697,0.7001152673690163,0.8935113586933604,2.606522493887459,0.4666729286294871,70
NoL,2,rot_z,0.05037037037037037,450,0.3338521382444445,0.2035126069238397,0.045969303207632116,0.001968533119560245,0.0019306724146580523,0.0020348552611082343,0.5896422080480723,0.9486746024439486,4.426552327576709,0.5735075892799295,0.18485603342519016,0.5191120800973846,0.631940623682958,1.5506150999043016,0.07053012795068761,70
NoL,2,FD_Power2012,0.05037037037037037,450,1.6183709167139737,,,0.0004504284027742056,,,0.02783221065840576,,,,,0.5606762073421275,0.7422820913494503,1.893247322248286,-0.5328439966837217,70
OmS,1,trans_x,0.04777777777777777,450,0.1180110694444443,0.0315826268760325,0.009003333533464539,0.0003545161075493297,0.0003550635450617484,0.00025161167266220946,0.30040919823730955,1.124236899151666,2.7946501340530445,0.568350501388986,0.18373244201975372,0.21473451791980477,0.344861013983794,1.0091537797716854,0.0856746803175048,70
OmS,1,trans_y,0.04777777777777777,450,0.3456333562,0.1712161192547858,0.03774586203293588,0.0005767042936287159,0.0005771608276080031,0.00030503226790370985,0.16685435108728544,0.337094912628602,0.8081210799677805,0.5068293372325283,0.13753971094499548,0.27898254157125707,0.41451802672432414,1.0542337409868052,-0.11212819048397164,70
OmS,1,trans_z,0.04777777777777777,450,0.24272867219999997,0.03590188693891104,0.0065328509992189174,2.702600671528055e-05,0.00011232808175350856,5.383697848178673e-05,0.011134245686892754,0.3128751476061432,0.824096225189027,0.4215277379590843,0.08372706220115496,0.11370877249159143,0.20677747960761084,0.5991271540563564,-0.10257452680469867,70
OmS,1,rot_x,0.04777777777777777,450,0.35045875279999994,0.16425962232763916,0.04696174090793247,0.0010155854913649898,0.0007512373905880498,0.0009909732313717612,0.28978745237519143,0.45734756962341006,2.110171412330186,0.44060396819198366,0.14628011661669457,0.3837690781684535,0.5161049062223114,1.362045697263709,-0.09398162579326205,70
OmS,1,rot_y,0.04777777777777777,450,0.15968006277777766,0.03836029932395048,0.0082778150594282,0.00025246976830836654,0.0004547597047651272,0.00034950618760909956,0.158109762681971,1.1854957150482799,4.222203384587842,0.38447644832133465,0.09408991224917808,0.190311078467797,0.22681030036547398,0.5531585786575325,-0.032201315785826,70
OmS,1,rot_z,0.04777777777777777,450,0.2641334768,0.1498434624839015,0.04292521989514113,0.002156659433509067,0.0019670538088513156,0.001870122402891125,0.8165036327985318,1.3127391587488488,4.356698480425983,0.5379063982761592,0.19971547068570988,0.629732146481141,0.7400684273889809,1.97002524706953,0.18677148631739085,70
OmS,1,FD_Power2012,0.04777777777777777,450,0.6794661907569884,,,0.005642695314497348,,,0.830460056917749,,,,,0.5748794029407642,0.8004893758604369,2.265764074514475,0.25558065397698476,70
OmS,2,trans_x,0.04814814814814815,450,0.1190834778,0.030910624049673836,0.006012148427309521,5.3651503347892926e-05,8.440891203402232e-05,8.168390927612828e-05,0.045053692031064387,0.27307411166586587,1.3586475827025184,0.47899548303209855,0.11252054490141841,0.24590413424455082,0.2917491660766423,0.8612745386963941,-0.20085044221348644,70
OmS,2,trans_y,0.04814814814814815,450,0.7332536177777779,0.2090889194313195,0.04867859577126521,0.0040140547797351545,0.0033468786832203945,0.002859533678474878,0.5474306136941102,1.6006963412137012,5.87431423024501,0.4275526146123414,0.1152165887297931,0.19122430791602615,0.3439977397477294,1.1640673220172566,0.356206305778084,70
OmS,2,trans_z,0.04814814814814815,450,0.5295357542444445,0.06872745257311987,0.011407499701104358,0.000537267044021128,4.163658656819447e-05,7.113245625908066e-07,0.10146001279700456,0.06058217642200089,0.006235586949188729,0.362886256658853,0.06400629854506232,0.09329905764176018,0.14639086969759357,0.5230458839183278,0.008160955155244386,70
OmS,2,rot_x,0.04814814814814815,450,0.7526051602,0.2489241462414545,0.07427531480638912,0.0011121297123817264,0.0005137715512492924,0.0019556680541203547,0.14777067328188198,0.20639683172838444,2.632998674213804,0.4647549863894901,0.11482351655537812,0.6268690095330139,0.6874201200645773,1.6548779019762732,-0.4790983362511319,70
OmS,2,rot_y,0.04814814814814815,450,0.1832644111111111,0.041100118739869726,0.006018640887077254,0.00023923402817785377,0.00023023141200884806,0.00019307563520167166,0.13054036336209812,0.5601721334822057,3.2079607144567848,0.46907009477086464,0.09716457486383459,0.16431174523544095,0.30294979859166726,1.0197209025498253,-0.03377138187334282,70
OmS,2,rot_z,0.04814814814814815,450,0.43909407611111106,0.20578629936110696,0.06454494150245113,0.001497652050883258,0.0013047242157255001,0.0003552396757511289,0.3410777171369269,0.6340189894935685,0.5503757033192733,0.4610348174314876,0.17795259874801697,0.33718592481795545,0.4578421634366267,1.2760648914359134,0.0038917923189714636,70
OmS,2,FD_Power2012,0.04814814814814815,450,1.0175646518340478,,,0.014017966413045757,,,1.3775995842406594,,,,,0.5879471724869896,0.6982151738127695,1.7574408959758199,0.78965241175367,70
YoY,1,trans_x,0.04777777777777777,450,0.1721993409111111,0.03149770262630035,0.00637800237773762,0.000840376885005989,0.00014014592227289124,0.00022563410922470627,0.48802561064376515,0.44494014035128526,3.537692460138943,0.477179271942002,0.10902554233448228,0.18888738319907614,0.22065477188445604,0.6501505297699203,0.29913822744468904,71
YoY,1,trans_y,0.04777777777777777,450,0.7654062849111112,0.3991103470171268,0.1171100466810143,0.014631462959264319,0.015065722725506658,0.014432625158287957,1.911594305887299,3.774826395282644,12.323985488281556,0.5530279810422766,0.17404730459700304,0.3887547752701305,0.5581509475679739,1.4914392389131128,1.5228395306171685,71
YoY,1,trans_z,0.04777777777777777,450,0.2533783844444445,0.09293549966309597,0.01976322414403131,0.002861690781737869,0.0018502137677114394,0.0007381871777248014,1.129413934820206,1.990857933102765,3.735155622104004,0.48947845245837457,0.12733290176342604,0.19272863820464928,0.3358714607479181,0.9834790122054173,0.9366852966155568,71
YoY,1,rot_x,0.04777777777777777,450,0.643401404911111,0.29654227373575687,0.09642330524458428,0.02308942959641147,0.02337786277390752,0.012975996277320115,3.588650789409045,7.883484023845816,13.457323667142104,0.47352711325321684,0.19280329120288606,0.2774616340204576,0.496937274417709,1.6651069015094413,3.311189155388588,71
YoY,1,rot_y,0.04777777777777777,450,0.16966374497777778,0.04717443178952774,0.010962267604302117,0.0004953475851636469,0.0004502770390411581,0.0005545632882750159,0.29195841765046887,0.9544938263381801,5.058837352751532,0.4101559730920081,0.09449812721170725,0.2185486585597462,0.3318314800957435,0.996701666744404,0.07340975909072267,71
YoY,1,rot_z,0.04777777777777777,450,0.4757010359111111,0.28553848739827636,0.08590906145303628,0.02754578996567114,0.026677376963142096,0.021049436322317316,5.790567580520954,9.342830525655831,24.50199777100855,0.558757246123053,0.22132425628827312,0.46209981083633134,0.6720941557606162,1.9477751617997061,5.3284677696846225,71
YoY,1,FD_Power2012,0.04777777777777777,450,1.7350616209524317,,,0.008341041984291975,,,0.48073462542000706,,,,,0.49162090613720244,0.7282786840229025,2.227596357848123,-0.010886280717195378,71
RoL,1,trans_x,0.044814814814814814,450,0.20636594357777777,0.1141470394328784,0.026423886481069542,0.0009885027765577648,0.0008747181401069226,0.0011343827884977668,0.4790048006081031,0.7663082147840382,4.293020216047534,0.5790999498620609,0.17304812943173542,0.28178056695894,0.4281265968163963,1.3366456918982028,0.19722423364916306,70
RoL,1,trans_y,0.044814814814814814,450,0.4989993689111111,0.19038612369570984,0.04995043095796334,0.005360867641906519,0.006173687940313699,0.005298643908843895,1.0743235314314543,3.242719490513382,10.607804191525517,0.4936437852809593,0.1470318843150872,0.23008875576862642,0.3733567929133676,0.9921982605475332,0.844234775662828,70
RoL,1,trans_z,0.044814814814814814,450,0.36119104944444447,0.07556045833088745,0.019149681119439037,0.0005510793588616725,0.0004131702798936543,0.0006474274121967966,0.15257281699236433,0.5468075353438656,3.3808782932661283,0.37322693316901523,0.1137093707352532,0.18970922983504854,0.2727598923877533,0.7069431011458589,-0.037136412842684194,70
RoL,1,rot_x,0.044814814814814814,450,2.1821625808,0.7744845165540637,0.14207807315493684,0.012234121477127324,0.011944633995603082,0.007496145912255836,0.5606420706124559,1.5422689208492748,5.276075150654142,0.30773770780724596,0.07618839687180912,0.20773730265096738,0.2555890606972084,0.6923399290227659,0.35290476796148845,70
RoL,1,rot_y,0.044814814814814814,450,0.35172033457777774,0.1916383535787873,0.04206178178163687,0.003569508672346622,0.001962161721445893,0.0017957033200580313,1.0148712830697248,1.0238877994947913,4.269204118314338,0.5423159377241893,0.1635855335386136,0.39476314178290267,0.5539770698018817,1.7851596940277663,0.6201081412868221,70
RoL,1,rot_z,0.044814814814814814,450,0.6689011585777778,0.33575258245749706,0.06928101336735856,0.006358691646312309,0.0072282851056214015,0.004996283616874139,0.9506175261876063,2.1528606132274293,7.211620289647951,0.5007316130269415,0.14381680364439814,0.31062262947965286,0.4575396023377283,1.2317590177529778,0.6399948967079534,70
RoL,1,FD_Power2012,0.044814814814814814,450,3.302024614928374,,,0.021578292913446262,,,0.6534867370731071,,,,,0.27492585087725807,0.47651615381652324,1.3949341862079354,0.3785608861958491,70
RoL,2,trans_x,0.047407407407407405,450,0.49134814944444444,0.5555149064833373,0.10376169712828137,0.0010991618776819978,0.0019526109059807562,0.00011533464022886464,0.22370327005908006,0.3514956814285459,0.11115338648159884,0.5775600100859297,0.13414557718398118,0.5016687666319873,0.6622653767055822,1.5684665877857555,-0.27796549657290726,70
RoL,2,trans_y,0.047407407407407405,450,2.39832278,1.654128301076716,0.42111242285009476,0.014643078260726305,0.004161672308948372,0.0014116542199984483,0.6105549420969226,0.251593078133022,0.33522027453959985,0.5089043056710281,0.14915746257641144,0.5575510522497197,0.7774768529799214,2.2479395865390814,0.053003889847202945,70
RoL,2,trans_z,0.047407407407407405,450,0.6595165827777778,0.5026763939994646,0.1308596770129205,0.006256739622375163,0.01067709708465403,0.005703636745570423,0.9486857170478992,2.124049828499685,4.35858996122027,0.5963958413775582,0.15268147564017512,0.5302574586626316,0.6561126919945952,1.5136432297283775,0.41842825838526754,70
RoL,2,rot_x,0.047407407407407405,450,4.256158646577778,2.2033593841299917,0.5676450243968151,0.06556740439061937,0.07763423040136086,0.05714288395246225,1.540530084406974,3.5234483743565583,10.066658121980867,0.4185963197244697,0.11261765098084323,0.4310251402664939,0.5697296960301108,1.575823721431572,1.10950494414048,70
RoL,2,rot_y,0.047407407407407405,450,0.8929511782444445,0.6622549008019907,0.17808552228232777,0.0021954691233462276,0.000940007879115301,0.002145690545220208,0.24586664722953308,0.14194049420803856,1.204865234254438,0.6160763445428907,0.14607023582309023,0.4428529891630888,0.6657873446591953,2.0159652429755517,-0.1969863419335557,70
RoL,2,rot_z,0.047407407407407405,450,0.8454726582444443,0.4895250192295788,0.12299286005545612,0.0017630719950390006,0.005393709997073337,0.006185902526920806,0.20853092975234433,1.1018251948719664,5.029480999247965,0.48103450490003724,0.1194972840163649,0.3960005581226887,0.6036961249237386,1.5887677330995726,-0.18746962837034434,70
RoL,2,FD_Power2012,0.047407407407407405,450,13.264432680165177,,,0.055214370419212955,,,0.41625881596713254,,,,,0.40876491693262157,0.5123477373322057,1.2379438787614134,0.007493899034510983,70
NeI,1,trans_x,0.04037037037037037,450,0.32508316179999996,0.1407281325357464,0.03624834159634306,5.295278863809427e-05,0.00022962410709756464,7.264903494044739e-05,0.016288997665979476,0.16316858822754415,0.2004202999118079,0.648858970790635,0.22315104118979537,0.2580198845733763,0.4045872487131805,1.3519704277587365,-0.2417308869073968,70
NeI,1,trans_y,0.04037037037037037,450,0.35991056497777774,0.1767046967965132,0.05513172598428368,0.00031984479995172954,0.0002639573554351349,9.403158136534612e-05,0.08886785526050839,0.14937766806453295,0.17055802205820939,0.5849268780061846,0.22597615587003506,0.4337674906336703,0.5847394858434876,1.5114928971126094,-0.34489963537316193,70
NeI,1,trans_z,0.04037037037037037,450,0.32859590944444445,0.1391019275966946,0.045367785957757645,0.0023210682114555015,0.0026653012403499987,0.0015880877565501647,0.7063594356301394,1.9160778620391548,3.500474451252366,0.5267040300365408,0.18360229493694116,0.33164727649125203,0.529831776209255,1.8685941775196915,0.3747121591388873,70
NeI,1,rot_x,0.04037037037037037,450,0.5764585872,0.2298486998116663,0.04497148797955361,0.002748586554656929,0.0019108275608852587,0.0021909382658972243,0.47680555302463,0.8313414704764285,4.871838501081706,0.3961679503407844,0.09929016286222024,0.2562034104654001,0.3483734514383964,1.0320742408789765,0.22060214255922986,70
NeI,1,rot_y,0.04037037037037037,450,0.2343390599111111,0.10827765300780766,0.024545812298554792,0.0006335931223689639,0.0007976521468732872,0.000655007915242329,0.2703745259579418,0.7366729188485184,2.668511871904498,0.582070211280573,0.16391624471612296,0.31612774834247936,0.469408468638656,1.3375589915186166,-0.04575322238453755,70
NeI,1,rot_z,0.04037037037037037,450,0.3697041362,0.19658656943197406,0.062247190509478835,0.0006210228642890003,0.0004473839948729019,0.0010441009977048901,0.16797833821178665,0.2275760730580899,1.6773463816746832,0.511272946438412,0.19278980911795282,0.4410163898939567,0.6487061147497797,2.047077425795417,-0.27303805168217,70
NeI,1,FD_Power2012,0.04037037037037037,450,1.0513020869755834,,,0.0017784760460046733,,,0.1691688876145053,,,,,0.5243056470901337,0.6286765735571764,1.6408799654418624,-0.35513675947562845,70
NeI,2,trans_x,0.049999999999999996,450,0.1581183179777778,0.046603717021211535,0.008231035804160652,0.002061377373787754,0.0014601049214673575,0.0007964157410413706,1.3036929561048474,3.1330224599956167,9.675765723662574,0.4507981204385601,0.09946650879523802,0.20416238317216046,0.3167269017409457,1.1811380567381773,1.099530572932687,70
NeI,2,trans_y,0.049999999999999996,450,1.7765285649777776,0.1898829848686121,0.04860221695010548,0.004352370426446983,0.0015099133539254739,0.000710966779810876,0.24499298869992708,0.7951809663041928,1.4628278799313763,0.5677545716439201,0.17169896727523873,0.18958547024370578,0.2888752210117311,0.9423029159583686,0.0554075184562213,70
NeI,2,trans_z,0.049999999999999996,450,0.2832243648,0.050171719283709115,0.010806724204251744,0.0018359418967034413,3.47792521323137e-05,0.00012412278345723567,0.6482287983944809,0.06932043116889282,1.1485699191657117,0.4821382305565233,0.11803486205667436,0.24717355933684504,0.39241542409527863,1.2886448645204929,0.40105523905763585,70
NeI,2,rot_x,0.049999999999999996,450,0.48692150000000006,0.2709440191216865,0.06479444487623423,9.454352932297683e-05,0.00023438766243127906,0.0008685158498540069,0.019416585491291063,0.08650778237921199,1.340417147662866,0.5258720140191175,0.166632815192874,0.4225507058498661,0.5767126873065199,1.5976408100911303,-0.403134120358575,70
NeI,2,rot_y,0.049999999999999996,450,0.15870595457777775,0.03695689003782607,0.010614411087305218,0.0006508814185245404,0.00017602347387105088,0.0002899879962587025,0.4101178309636517,0.4762940650333065,2.7320215306671765,0.5571490798030412,0.18551801733820844,0.29451569587661974,0.4109331902653511,1.3380144321508944,0.1156021350870319,70
NeI,2,rot_z,0.049999999999999996,450,0.39608855777777785,0.16096540357179476,0.031876640096089315,0.0011577848380428524,0.0018650181430307222,0.0009011276858253876,0.29230454031252723,1.1586453372254466,2.826921793228577,0.4032947597568433,0.10806720015197466,0.28439773603295804,0.35290069711679567,0.9178781208269846,0.007906804279569175,70
NeI,2,FD_Power2012,0.049999999999999996,450,0.7583761570756586,,,0.004818931854379649,,,0.6354276580848378,,,,,0.37791540061310686,0.4795755497711005,1.2910455890924808,0.25751225747173095,70
ShKh,1,trans_x,0.05259259259259259,450,0.41735075931111115,0.24712505354644432,0.047930189963554415,0.005109907939833347,0.003095907155658495,0.0021082210132267326,1.2243677112910685,1.2527694425270623,4.398524217888142,0.6215431748655068,0.1867105931386831,0.373902106048378,0.5743365087296569,1.6223549644145507,0.8504656052426904,70
ShKh,1,trans_y,0.05259259259259259,450,0.5959147911999999,0.3137241540075979,0.0742915951664058,0.0008215708128007648,0.0004344312332809075,0.0004342878766781799,0.13786716237507027,0.13847554538959286,0.5845720174744105,0.5463415768379465,0.20271856450283668,0.4793404842812233,0.6533460975018511,1.7876866777979068,-0.341473321906153,70
ShKh,1,trans_z,0.05259259259259259,450,0.2640238444444445,0.09369986268379044,0.01605408974733947,0.0008935937914455461,0.0007672152896208151,0.0006855921342948795,0.3384519278271379,0.8188008686949112,4.270513900724255,0.4248487812280861,0.09852577141075826,0.22188012579074912,0.35309453850518735,1.2625818969975164,0.11657180203638877,70
ShKh,1,rot_x,0.05259259259259259,450,1.145737466311111,0.4509758014703733,0.14360700856193087,0.008800705987660251,0.014143150106999125,0.01173260125655673,0.7681258793077232,3.1361217300099975,8.16993639380561,0.394528640846612,0.16285160582700148,0.39510979379133215,0.5149357649380399,1.4104024848126153,0.3730160855163911,70
ShKh,1,rot_y,0.05259259259259259,450,0.28513134924444444,0.15760181557388497,0.03744510012681869,0.0006710217257384077,0.0005916874407878581,0.001446210368479646,0.23533775837575038,0.3754318683660534,3.862215252680952,0.6514887959025681,0.2169808333908559,0.41242727081862546,0.7017672240274544,2.066560664979936,-0.17708951244287505,70
ShKh,1,rot_z,0.05259259259259259,450,0.4706893977777778,0.2462200303874364,0.06115432116603925,0.00483902454730939,0.004220189359291221,0.0034986396910218764,1.0280717114418612,1.7139910805187522,5.721001597782058,0.5156236717496212,0.19642800860447995,0.42308102595904773,0.6204387740052658,1.716362526197547,0.6049906854828134,70
ShKh,1,FD_Power2012,0.05259259259259259,450,2.1582942516345156,,,0.028941971510723086,,,1.3409650463000957,,,,,0.40365638799690445,0.549189671628519,1.6278824591226093,0.9373086583031913,70
ShKh,2,trans_x,0.05222222222222222,450,0.1771402352,0.0548704826138737,0.015132988908856438,0.0005655581448387181,0.0004687507985438183,0.0008526819507085996,0.3192714202960018,0.8542859042127273,5.634590468837096,0.5739600105680306,0.19131080993619168,0.4238560581664037,0.4767777233448124,1.1729331385559851,-0.10458463787040187,70
ShKh,2,trans_y,0.05222222222222222,450,0.9406849332444445,0.6113467441207876,0.15413018771892265,0.006294137705982528,0.006163177752160021,0.003992082818867898,0.6691015751973297,1.0081312792503108,2.590071989108327,0.6328457867665744,0.1957039175069964,0.47495898706300754,0.6215203518453895,1.5952817882624641,0.19414258813432225,70
ShKh,2,trans_z,0.05222222222222222,450,0.6143342672000001,0.10813544224657301,0.016076571034944136,0.00026179662775605017,0.0004683988622836144,0.00033285362905216553,0.04261468743217945,0.4331594272445478,2.070426761581638,0.5062300788436639,0.10706987648855147,0.17848494205882712,0.26933698498297637,0.891685720563752,-0.13587025462664765,70
ShKh,2,rot_x,0.05222222222222222,450,0.45953141191111113,0.2715499187560486,0.07951451380091307,0.0053072441267019155,0.006063388395367519,0.004779195888929472,1.154925210581364,2.2328816827283475,6.010469863269908,0.5959907475715142,0.1914447156209536,0.5366054214158601,0.6645764328910605,1.7017311489595586,0.6183197891655039,70
ShKh,2,rot_y,0.05222222222222222,450,0.32782864720000005,0.13719588351708634,0.026339494478915447,0.00012843051190347676,2.7290557737869037e-05,2.001400773144965e-05,0.0391761101418097,0.01989167388864862,0.07598478303169677,0.6337557477524424,0.1914815191591671,0.22011081437284052,0.3946622709288316,1.2830002969426564,-0.18093470423103084,70
ShKh,2,rot_z,0.05222222222222222,450,0.46974167380000004,0.2608854683960329,0.05253744055986512,0.0006648063380672586,0.0004244105558536271,0.0004917795493533453,0.14152594397028323,0.162680795700494,0.9360553999446825,0.5199571410900102,0.1311460377198032,0.34180766617338837,0.5848255804981082,1.7779485467881395,-0.20028172220310517,70
ShKh,2,FD_Power2012,0.05222222222222222,450,2.113848871330688,,,0.015584698212883108,,,0.7372664349023397,,,,,0.5219200955693674,0.640730846732915,1.5501989739745738,0.21534633933297226,70
